id,prediction
RbK_AgPmF6,-2.53584
Cs2CrTlCl6,-1.7848556
CsRbMgSnF6,-3.0119927
Cs2K_AsBr6,-1.4693867
Rb2K_CoCl6,-1.5696356
Cs2RbNbBr6,-1.6029812
RbK_AuHgCl6,-1.2421036
Cs2CuHgCl6,-1.4233274
K_2FeEuF6,-2.6170163
CsRbLiRuF6,-2.5595348
RbK_FeCdF6,-2.5376077
CsK_CuLuF6,-2.4947362
RbK_TiAuCl6,-1.5590723
Rb2AgDyF6,-2.57511
Cs2ZnCdF6,-2.6487725
Cs2MgMnF6,-3.0682163
Cs2K_HoCl6,-1.8194664
Cs2CuHgF6,-2.1868007
CsRbRhAuCl6,-1.246736
Cs2GaTlI6,-1.0156157
CsRbMnEuCl6,-1.7172897
Cs2NaYbCl6,-1.8455883
Cs2CuCeBr6,-1.3013906
Cs2NaTmF6,-2.901951
CsRbCoHgCl6,-1.3860453
CsK_MgTiF6,-3.1908474
Cs2SnEuCl6,-1.7241085
RbK_FeEuCl6,-1.5554612
CsRbNaBiCl6,-1.8137419
CsRbAgSbBr6,-1.2639768
CsK_LiSmF6,-2.8377142
CsRbErHgCl6,-1.6085393
RbBaV_CuF6,-2.7531316
Rb2CuPbF6,-2.4373655
CsK_AgLuF6,-2.5208054
K_BaNaV_F6,-3.164176
Rb2AgInCl6,-1.5669844
CsRbAlTlF6,-3.187376
Cs2MnSnCl6,-1.6702204
CsK_PtHgF6,-2.0280433
Rb2AgGdF6,-2.4693158
CsRbNaPrBr6,-1.641365
Rb2NaYbCl6,-1.8257248
CsRbK_TiF6,-3.2232642
CsK_V_CrCl6,-1.6319739
Cs2HgBiF6,-2.4967666
Cs2MoTlCl6,-1.7272699
K_2CuSbF6,-2.4112182
CsRbAgPmBr6,-1.3628271
Cs2PmAuCl6,-1.4700705
CsRbLiScF6,-3.4511921
RbK_LiFeF6,-2.8121943
CsBaCuPtF6,-2.2994237
RbK_ScAgCl6,-1.9311037
CsRbZnSrF6,-3.1399188
CsRbK_LuF6,-2.8517408
RbK_TiEuCl6,-1.7879206
CsK_CaV_F6,-3.2448235
RbK_TiSrF6,-3.2526817
K_2NiHgF6,-2.2542667
Cs2MnAuCl6,-1.4124923
RbK_V_AgF6,-2.6890428
CsRbCrPbCl6,-1.6578319
RbK_InHgF6,-2.5644732
Cs2ScRbF6,-3.4303257
CsRbNaCeF6,-2.8295686
Cs2CoEuF6,-2.5634935
Rb2K_CuF6,-2.4655592
CsRbV_HgF6,-2.7049294
CsBaCuEuF6,-2.678657
Rb2MgV_F6,-3.1416473
CsK_PdPbF6,-2.314359
K_2SbHgF6,-2.451192
CsK_AgBiF6,-2.4568677
CsRbHoAuCl6,-1.422291
RbK_TiPbF6,-2.815874
Cs2NaNdI6,-1.270853
Rb2TmHgF6,-2.540764
RbK_NaCeF6,-2.8114486
CsK_AgYbCl6,-1.5597953
Rb2MnBaF6,-3.0979552
Cs2FeRbF6,-2.797472
RbK_YbHgCl6,-1.5744935
RbK_MgZnF6,-3.073113
RbK_AgInCl6,-1.5517391
RbK_LaHgF6,-2.5028222
Cs2PdCdBr6,-1.2375705
RbK_PdSnF6,-2.3130538
Rb2LiPmF6,-2.9060352
Cs2NbTlCl6,-1.7707024
Cs2CoAgF6,-2.297681
CsK_CrNiF6,-2.4848208
Rb2NaPrF6,-2.8531206
Cs2MgBaCl6,-2.3357756
CsRbEuPtF6,-2.275907
RbK_RhAgCl6,-1.3372662
CsRbCdBaCl6,-2.0692334
CsK_TiV_F6,-2.8859406
CsRbMgSrBr6,-1.996032
CsK_NaCeF6,-2.817159
K_2MnCoF6,-2.5481105
Cs2CoRbCl6,-1.6139284
CsK_AgHoCl6,-1.545977
RbK_LiAuF6,-2.247891
CsK_InAuCl6,-1.4296136
Cs2SnHgF6,-2.470224
Cs2TiSnF6,-2.7824776
CsK_SmHgCl6,-1.5769746
CsK_ScAgF6,-3.0814195
CsK_SrPdCl6,-1.784298
RbK_AgCeF6,-2.4480743
Rb2NaAsF6,-2.7685788
CsBaLiEuF6,-3.1023488
Cs2ErHgF6,-2.5288386
CsRbCuPtF6,-2.0282092
Cs2InHgCl6,-1.6314657
Cs2RuTlF6,-2.461666
RbK_NaTiCl6,-1.9696308
Cs2V_BaCl6,-2.0977004
Rb2K_InF6,-2.8925853
RbK_PdCdCl6,-1.41552
Cs2V_NiF6,-2.6326683
CsK_NaLaCl6,-1.8077543
RbK_AlTlCl6,-1.8957536
K_2CuErF6,-2.473852
CsK_V_PtF6,-2.3445518
CsRbCrEuBr6,-1.4581587
CsRbBaPtCl6,-1.7406969
CsK_NiRbF6,-2.5554776
CsBaPtHgF6,-2.2658339
RbK_NaLuCl6,-1.8224491
K_2LiCeF6,-2.7914786
Cs2V_AgCl6,-1.6284783
CsK_SbHgCl6,-1.5127287
CsRbCuCdCl6,-1.4849268
CsK_GaRbCl6,-1.7948802
Cs2CaTiBr6,-1.8873749
CsRbMnHgF6,-2.5522437
CsK_AgTbCl6,-1.5666084
CsK_NiSnCl6,-1.4842765
CsK_CuAgCl6,-1.3577551
CsBaNaCaF6,-3.5543365
RbK_InHgCl6,-1.5807949
RbK_LiHoF6,-2.8745162
RbK_MgPtF6,-2.5818827
CsRbZnSnBr6,-1.3975842
K_2PtHgF6,-2.013763
CsK_MoAuCl6,-1.3377842
Rb2CuPmF6,-2.5204513
CsRbGdTlF6,-2.671195
Rb2ZnPbCl6,-1.6543728
CsK_MgSrF6,-3.4901376
RbK_AgBiF6,-2.449686
CsRbMnZnF6,-2.7162757
CsRbTiTlF6,-3.0623543
K_BaCoCuF6,-2.5897937
RbK_LiPmF6,-2.9036813
CsRbK_TbF6,-2.8542414
Rb2NaDyCl6,-1.834322
RbK_LiSbF6,-2.820213
K_2LiAuF6,-2.2557216
Cs2CaPbF6,-3.1462483
Cs2RbAuF6,-2.2414293
CsK_LiPmCl6,-1.8255558
Rb2LiBiF6,-2.8304572
RbK_AgEuF6,-2.5341477
RbK_LiGdCl6,-1.7552345
RbK_AgNdF6,-2.5260673
Rb2ZnHgF6,-2.449037
Cs2LiNdF6,-2.889996
CsRbMgNiF6,-2.8472621
Rb2GdHgF6,-2.4796119
Rb2K_CrCl6,-1.8025566
Cs2RbLuF6,-2.8446343
RbK_YbHgF6,-2.5103881
CsRbV_BaF6,-3.1560652
CsRbMgPbBr6,-1.6357619
CsK_NiCdF6,-2.4451504
RbK_MgCdF6,-3.0303507
CsK_NaGdF6,-2.8307061
Cs2CdEuI6,-1.1080978
RbK_ZnHgF6,-2.442264
CsRbSrCdF6,-3.1071343
Cs2SrEuBr6,-1.864616
Cs2AlTlI6,-1.226811
Cs2K_PrCl6,-1.864364
Cs2LiLaF6,-2.8571396
Cs2SnHgCl6,-1.5706619
Rb2BeHgF6,-2.6254392
K_2CuInF6,-2.5219
CsRbCaPtF6,-2.6675029
CsRbTiSnF6,-2.7758124
K_2CuGdF6,-2.4372444
CsRbNaErBr6,-1.5590417
CsRbK_GdF6,-2.7912517
CsRbGdAuCl6,-1.4129839
Rb2NiHgF6,-2.2648187
K_2CoHgF6,-2.2711186
CsRbAgTbF6,-2.5389943
RbK_LiAlF6,-3.3482766
CsK_MoTlCl6,-1.6892586
CsRbNaLuBr6,-1.5638669
Rb2NaEuF6,-2.9264655
CsRbAgTlBr6,-1.3183446
Cs2K_FeF6,-2.8165739
RbK_TiBaF6,-3.1796627
Cs2CdSnCl6,-1.6810309
Cs2CdEuCl6,-1.7372005
CsRbCuBiBr6,-1.2728341
CsK_GaTlF6,-2.8013508
CsRbLiGdF6,-2.8111603
K_2CrPtF6,-2.2910953
CsRbAgPrCl6,-1.5588048
CsRbZnBaF6,-3.0768127
Cs2GaHgF6,-2.6185505
CsK_NaTmCl6,-1.8236822
Cs2CdPtCl6,-1.390473
Rb2CuMoF6,-2.431055
CsRbTiCrF6,-2.7712443
CsK_TiPtF6,-2.5262651
Cs2PrHgCl6,-1.6139953
Rb2V_MnF6,-2.8153756
CsK_MnRbCl6,-1.7594541
Cs2RbAuCl6,-1.4479823
RbK_MnBaF6,-3.0916042
RbK_CuSbF6,-2.4143105
CsRbTiSnCl6,-1.7330148
CsK_MnEuF6,-2.760064
RbK_LiLaF6,-2.854869
Cs2CaEuI6,-1.4289982
Cs2CoSnCl6,-1.4891773
RbK_TiCoF6,-2.6928916
CsRbCdHgF6,-2.452424
CsK_GaHgCl6,-1.5401715
Cs2K_YbCl6,-1.8208822
CsRbNaEuCl6,-1.841884
K_2CuTmF6,-2.4912622
CsRbTiHgF6,-2.8724594
Cs2AsRbCl6,-1.7169762
CsK_MgCdCl6,-1.8941149
CsRbNaV_F6,-3.081297
K_2CrCdF6,-2.644118
CsK_SmHgF6,-2.5095804
K_2CaCdF6,-3.1230955
CsRbYbAuCl6,-1.431927
RbK_LiHoCl6,-1.76712
CsRbHgPbCl6,-1.567979
Cs2NiHgF6,-2.2722461
Cs2InTlCl6,-1.7847116
RbK_PdPtCl6,-1.2275728
CsRbK_GaBr6,-1.5604022
Rb2CaSnF6,-3.109652
RbK_LiEuF6,-2.905332
CsK_CuDyF6,-2.5383027
CsK_LiTbF6,-2.8631828
RbK_CuInF6,-2.525298
CsK_MnCoCl6,-1.4857169
CsK_AgYbF6,-2.5060353
RbK_SbHgF6,-2.45841
RbK_CaZnCl6,-2.021994
CsRbSrEuF6,-3.1716485
CsK_NaPmCl6,-1.8557999
Cs2CuSnCl6,-1.5152528
RbBaNaPdF6,-2.709088
RbK_CuTlCl6,-1.4909008
Rb2MgZnF6,-3.064753
Rb2TiBaF6,-3.192167
Rb2NaTiF6,-3.2325807
K_2CuBaF6,-2.7955792
CsK_LiYbCl6,-1.7904142
CsRbK_PmF6,-2.867275
CsBaMgAgF6,-3.0435486
Rb2TiCrF6,-2.7716749
RbK_ZnSrF6,-3.1342058
CsRbCuHoCl6,-1.5343277
Cs2YbTlCl6,-1.7503704
RbBaLiHgF6,-2.7988532
CsRbMgMnF6,-3.0770466
CsRbNaEuBr6,-1.5681807
Cs2CuTmF6,-2.5032046
RbBaCoHgF6,-2.5456421
Cs2FeNiF6,-2.3721802
RbK_CaCoF6,-2.9916835
CsBaTiHgF6,-2.8479497
Cs2LiTmF6,-2.8640075
RbK_CrSnF6,-2.6005597
Cs2ZnSnBr6,-1.4202632
CsK_PdBaF6,-2.683741
CsRbAlK_F6,-3.3442798
Rb2SrPtF6,-2.643864
Rb2MgCdF6,-3.0309486
Cs2AsTlF6,-2.6174698
CsRbCuYbCl6,-1.5518188
CsRbAuHgCl6,-1.2651532
CsBaLiCdF6,-3.061356
CsRbCaEuCl6,-2.0983958
CsRbSmAuCl6,-1.4156206
Cs2InTlBr6,-1.5666192
K_2EuPtF6,-2.2595935
CsK_NaBiF6,-2.8421688
RbK_MgEuF6,-3.0822685
CsRbLiAsF6,-2.7423105
Cs2MnPbF6,-2.7123892
RbK_NaTlF6,-2.8121333
Cs2CaCdCl6,-2.0773783
RbBaZnHgF6,-2.7075253
RbK_NaEuCl6,-1.8125079
Cs2LiPmF6,-2.90316
CsK_HgPbF6,-2.4638789
Rb2MoHgCl6,-1.5086706
CsRbEuPtCl6,-1.4337903
Cs2K_NdF6,-2.8749552
Cs2V_HgF6,-2.7115903
RbK_CuZnF6,-2.4556756
CsRbCeHgCl6,-1.5752704
Rb2NaScF6,-3.484661
Rb2V_HgCl6,-1.6198003
Rb2FeEuF6,-2.628098
RbK_CrZnF6,-2.6753607
CsK_NiEuCl6,-1.5331519
K_2AlRbF6,-3.2834792
Cs2NaGaF6,-2.972055
CsRbFeCdCl6,-1.536927
Cs2BaHgF6,-2.8961635
Rb2TiHgF6,-2.8666255
RbK_NaAsF6,-2.7623098
CsK_NbHgF6,-2.564842
Cs2AlHgCl6,-1.7756621
RbK_V_CdF6,-2.7524
Cs2NaErF6,-2.8862438
K_2NiSnF6,-2.4880385
Rb2MnNiF6,-2.542302
Rb2CrHgF6,-2.6349378
CsK_MnRbF6,-2.852264
Rb2NbHgF6,-2.5647702
RbK_AsHgCl6,-1.4345082
RbK_NiEuCl6,-1.514627
CsRbBaHgF6,-2.8811946
CsRbLiLuCl6,-1.8086379
CsK_FeAgF6,-2.4282906
Cs2CoPtF6,-2.0487642
CsK_RbRhF6,-2.545255
RbK_BeEuCl6,-1.6974094
Cs2NaPrBr6,-1.6620462
CsRbMnTlF6,-2.760819
RbK_CuHgCl6,-1.3977172
CsK_NaGdCl6,-1.7998581
Cs2CuGdF6,-2.4487224
CsRbAgLaF6,-2.5125172
Cs2K_PmBr6,-1.6921082
CsRbCuErCl6,-1.5460665
Rb2TiCoF6,-2.6891246
RbK_NaV_F6,-3.0834496
CsK_NiHgF6,-2.2611778
CsK_LiCeCl6,-1.7594751
Cs2ScAuI6,-1.2004274
CsK_CrPbF6,-2.6225507
CsRbLiDyCl6,-1.8107485
Cs2ScRbCl6,-2.2305367
CsRbTiCoCl6,-1.6215378
Rb2CoEuCl6,-1.5187087
Rb2CrSrCl6,-2.0020952
CsRbNaV_Cl6,-1.903848
Cs2K_ErBr6,-1.6711102
Cs2NaBiCl6,-1.8310935
CsRbBeBaCl6,-2.0451732
Rb2CdEuF6,-2.6972704
CsRbYbHgF6,-2.5268753
RbK_MnPtF6,-2.2544148
CsK_ZnCdF6,-2.6414778
Cs2PdCdF6,-2.2756524
CsRbCoEuF6,-2.5599835
CsRbZnSnCl6,-1.6465248
CsRbNaPrF6,-2.8588288
CsRbScAuCl6,-1.8078041
CsRbHgTlCl6,-1.5819149
RbK_MgHgCl6,-1.7579298
CsRbPdBaCl6,-1.7978901
RbBaAgPtF6,-2.2610948
Cs2ScAuCl6,-1.8230356
CsRbCuGdCl6,-1.5308125
CsK_YbHgCl6,-1.5892794
Rb2TiCdF6,-2.883821
CsK_CaEuCl6,-2.0787947
Cs2NaSmF6,-2.8857656
Cs2CeHgF6,-2.4838817
Cs2MnFeF6,-2.5885313
CsK_CuBiF6,-2.4258728
RbK_CaSrF6,-3.594279
CsRbSbHgCl6,-1.5327849
CsRbV_SrCl6,-2.098464
CsRbRuHgCl6,-1.3785261
CsRbNaScF6,-3.4838963
K_2MnHgF6,-2.5379367
Cs2MnEuBr6,-1.4847982
RbK_HoHgF6,-2.5229628
CsRbLiBiF6,-2.8246603
RbK_MoAgCl6,-1.4526668
Cs2ZnBaBr6,-1.7758715
Cs2HgTlF6,-2.4981315
Rb2AgHoF6,-2.5244036
CsRbCdSnCl6,-1.6643776
RbBaCrAgF6,-2.6657941
CsRbCuSmF6,-2.4776258
Cs2MnAgCl6,-1.5471587
Rb2CoHgF6,-2.318339
RbK_NaSmCl6,-1.7936499
RbBaNiCuF6,-2.6089725
CsK_V_AgCl6,-1.5961876
Cs2LiGdCl6,-1.7882004
Rb2TiSrF6,-3.253072
Rb2CrZnF6,-2.663803
RbK_AgDyCl6,-1.5509816
Rb2CaEuF6,-3.1918797
RbK_FeSnF6,-2.5284877
CsRbNbTlCl6,-1.7459466
CsK_EuPbF6,-2.7094362
Cs2PdBaF6,-2.7008736
CsBaBeNaF6,-3.2276845
CsK_CrCdCl6,-1.6462917
Rb2V_TlF6,-2.9021878
CsRbCuRuF6,-2.1926565
CsK_TiEuF6,-2.8751822
K_2MnZnF6,-2.7252536
Cs2AgNdBr6,-1.3683851
CsRbV_AuCl6,-1.4755113
CsRbMnCoF6,-2.5434363
CsK_CoCdCl6,-1.477556
RbK_NaCoF6,-2.652547
K_2YbHgF6,-2.5009122
Cs2CaNiF6,-2.9560895
Rb2K_FeF6,-2.7938743
RbK_FeAuCl6,-1.2824957
RbBaLiCrF6,-3.120792
RbK_TiCrCl6,-1.6699555
Rb2RuTlF6,-2.4272254
CsK_MgHgCl6,-1.7686907
K_2ScHgF6,-3.0767763
Cs2TiMnCl6,-1.7898331
Rb2FeEuCl6,-1.5735167
RbBaMgAgF6,-3.0675392
Cs2AgTmF6,-2.54269
Rb2MgSnF6,-3.0230656
RbK_NbTlF6,-2.76523
Rb2AgPmF6,-2.545631
K_2TiCoF6,-2.6975894
CsRbNiHgCl6,-1.407421
K_2NaLuF6,-2.8828173
Cs2NaCeI6,-1.2549646
K_BaLiCrF6,-3.1589675
Cs2MnZnF6,-2.7126422
RbK_CrEuF6,-2.7169406
CsBaBeRbF6,-3.1541467
CsRbTmHgF6,-2.5477352
Cs2LiEuF6,-2.9069304
CsRbK_ErCl6,-1.8165833
Cs2SnPbF6,-2.634349
CsK_NaLaF6,-2.8717694
K_2MgTiF6,-3.1972883
CsK_LiNdCl6,-1.8115909
Cs2RhHgCl6,-1.4325663
Rb2SbHgCl6,-1.5115567
Cs2V_TlF6,-2.922196
RbK_CrTlF6,-2.8082573
K_2LiNdF6,-2.8904
Cs2SrHgCl6,-1.939987
Cs2NaNdBr6,-1.6900603
K_2PtPbF6,-2.2080278
CsK_V_SnCl6,-1.6482389
Rb2TiV_F6,-2.8766503
CsRbRhHgF6,-2.2366705
Rb2LiHoF6,-2.8757007
RbK_RuAuCl6,-1.1810297
RbK_BePbF6,-2.842815
CsK_FeBaF6,-2.9450383
CsRbLiErF6,-2.8488183
Cs2CaPdBr6,-1.5721982
K_2ScAgF6,-3.072
CsRbLiMoF6,-2.8382192
Cs2AgGdF6,-2.4837482
CsRbCrBaCl6,-2.0060496
CsRbMnFeF6,-2.5933282
CsK_SrPtF6,-2.6413987
CsK_V_CrF6,-2.7208726
Rb2K_CuCl6,-1.55074
Cs2BeCaF6,-3.2815146
Cs2MnEuCl6,-1.7336823
Cs2CrSnF6,-2.5956695
CsRbCaNiCl6,-1.8880422
Rb2LiLuF6,-2.8788357
K_2MgEuF6,-3.0822852
K_BaLiPtF6,-2.7030535
CsK_NaMnF6,-2.9030836
Rb2GaTlF6,-2.7980323
Cs2CuBaI6,-1.2326595
CsRbK_InCl6,-1.8337543
CsRbRhTlCl6,-1.5498377
Cs2MnSnF6,-2.689838
K_BaLiFeF6,-3.0660625
RbK_PdBaF6,-2.675198
Cs2AgBiCl6,-1.565982
Cs2K_LaCl6,-1.8758215
RbK_NiCdCl6,-1.49112
Cs2TiTlF6,-3.0745072
Cs2K_AuF6,-2.2343478
Rb2RuHgF6,-2.2152603
Cs2NaDyBr6,-1.5909156
CsK_AgDyF6,-2.5703323
Cs2FeCuF6,-2.3614311
CsRbNaNdBr6,-1.6692202
Cs2MoAgCl6,-1.5053108
CsK_AgPrCl6,-1.5438651
Cs2RuHgCl6,-1.394985
RbK_SrCdF6,-3.0900123
CsK_AgNdCl6,-1.5736889
CsK_AsAuCl6,-1.2893159
Cs2CuSmF6,-2.4791799
CsRbLaHgCl6,-1.5954344
K_BaBeNaF6,-3.2843213
Rb2RhHgCl6,-1.4016165
CsRbTmAuCl6,-1.4341729
CsK_FeAgCl6,-1.4209323
Rb2MnPbF6,-2.7066934
CsK_NbTlF6,-2.7783732
CsRbGaAgCl6,-1.5262805
RbK_TmHgCl6,-1.569693
Cs2LuTlF6,-2.7392209
RbK_CuCsF6,-2.4396343
Cs2K_AuBr6,-1.3793144
Rb2LaHgF6,-2.5120342
RbK_LiPrCl6,-1.7616526
Cs2SrCdCl6,-2.0847945
Cs2NaBiI6,-1.2102658
Cs2AuTlCl6,-1.4192513
RbK_LiBiBr6,-1.474461
K_2AgErF6,-2.4836066
Rb2V_SnCl6,-1.6399456
RbK_CoCuF6,-2.3011518
RbK_GaAuCl6,-1.3461797
K_2NaErF6,-2.8569465
RbK_CrCdCl6,-1.6259921
Cs2CrSrBr6,-1.7836199
RbK_CuGdCl6,-1.4865028
Cs2YbHgF6,-2.5351286
CsRbLiTmF6,-2.8658736
Rb2K_RhF6,-2.5558636
Cs2CrPbCl6,-1.6835182
CsK_CaPtCl6,-1.727738
RbK_NaMoCl6,-1.7362578
CsBaBeTlF6,-3.037773
K_2CuTlF6,-2.4249458
CsRbK_LaF6,-2.8223624
K_2MnNiF6,-2.5387535
CsRbCuTmCl6,-1.5502734
Cs2SbHgCl6,-1.5533257
CsRbZnHgCl6,-1.5532439
CsK_FeCoF6,-2.3895342
CsRbMgPdF6,-2.650165
Cs2NaLuBr6,-1.5816398
Cs2AgLaBr6,-1.3505967
Cs2SbHgF6,-2.4874554
CsRbDyHgF6,-2.5906007
RbK_TiPtCl6,-1.4115841
Cs2SrSnCl6,-2.0646513
CsK_TiSnF6,-2.7774796
Cs2CuDyF6,-2.5455966
CsK_LiV_F6,-3.0464234
CsRbFePbCl6,-1.556069
CsK_LuTlF6,-2.7147298
CsRbCrAuCl6,-1.4501919
RbK_CuTlF6,-2.4329762
Cs2AgTmBr6,-1.3452653
CsK_TiSnCl6,-1.7154938
Cs2V_CdCl6,-1.7019631
CsRbCuSmCl6,-1.5379355
RbK_CuTmCl6,-1.5116665
CsK_LiTlCl6,-1.759952
CsK_PmHgF6,-2.5523803
CsRbV_CoF6,-2.5937786
K_2MnPbF6,-2.695063
RbK_NaNdF6,-2.9043505
RbK_MgPdF6,-2.673541
Cs2CaHgI6,-1.2963412
Cs2CrHgCl6,-1.611521
Rb2MgSnCl6,-1.8612086
RbK_NaScCl6,-2.2291203
RbK_V_PbF6,-2.7452486
RbK_DyHgF6,-2.5745683
CsK_CuZnF6,-2.433651
RbK_AgTbCl6,-1.5527143
CsRbK_GaF6,-2.9561915
K_BaLiCoF6,-3.0023198
RbK_AgSbF6,-2.4387574
CsRbGaTlBr6,-1.5161917
CsRbMgEuBr6,-1.6648169
K_2V_NiF6,-2.6340265
RbK_AgGdF6,-2.4588156
Cs2SmHgCl6,-1.6084421
RbK_TiFeCl6,-1.5989959
CsK_FePtCl6,-1.2991512
RbK_V_CoF6,-2.6182158
Rb2AgSmF6,-2.5037627
CsRbFeCoF6,-2.3916614
Cs2K_SmCl6,-1.8881352
Rb2CuErF6,-2.4866989
Rb2NaNdCl6,-1.8370978
Cs2CuLaBr6,-1.3206015
Cs2NaEuCl6,-1.856736
K_2CuPrF6,-2.4515796
K_2BeBaF6,-3.2467759
RbK_CuHoF6,-2.4911542
Cs2FeTlF6,-2.673246
Rb2AgLaF6,-2.505199
Cs2K_LuCl6,-1.839607
RbK_NaPrCl6,-1.7913294
K_2AgYbF6,-2.4923477
CsK_SrCdF6,-3.0994892
RbK_NiPtF6,-2.0797298
CsRbNaCeCl6,-1.7997192
RbK_MnCoF6,-2.5501432
CsRbFeAgF6,-2.438149
Cs2NaCeCl6,-1.8128259
Rb2SrHgF6,-2.8966763
CsRbAsTlBr6,-1.3784204
CsK_CuLaF6,-2.473914
CsRbCuPbBr6,-1.2839438
Cs2LiScF6,-3.437275
CsRbNaErCl6,-1.8379166
RbK_RhHgCl6,-1.3837402
CsK_NaPmF6,-2.9164279
Cs2NaAlF6,-3.3541107
CsRbNaYbF6,-2.8768485
CsK_CuCeCl6,-1.5097399
CsRbLuHgF6,-2.5412536
CsK_CuHoCl6,-1.5221751
Cs2AsTlBr6,-1.3974946
CsRbCuEuF6,-2.514679
Rb2CuPrF6,-2.4639735
RbK_CuNbF6,-2.52107
CsRbCrNiF6,-2.4826126
Cs2V_PtF6,-2.3526268
RbK_MoTlF6,-2.6795044
Cs2NiEuCl6,-1.567524
RbK_CrCoF6,-2.5142453
K_2ZnSnF6,-2.6619096
CsK_TmHgF6,-2.535991
CsRbFeSnF6,-2.5253778
Rb2CuInF6,-2.5305543
CsRbCrPbBr6,-1.4049572
K_BaCuPtF6,-2.3448944
Cs2HgBiCl6,-1.6070175
CsRbMgEuCl6,-1.9384562
Cs2CuLuF6,-2.5021582
CsBaFeHgF6,-2.5834363
RbK_NaTbF6,-2.8927522
CsRbLiGaF6,-2.9363644
CsRbTiCdCl6,-1.7521471
K_2AgGdF6,-2.449052
RbK_CoPtF6,-2.072677
CsRbLiTmCl6,-1.8003514
Cs2CuDyCl6,-1.557122
RbK_CuCeCl6,-1.4997643
RbK_CrPtF6,-2.2823577
CsRbAgCeCl6,-1.5414672
CsK_HgBiF6,-2.4768836
CsK_CaPbCl6,-2.0538993
RbK_SbHgCl6,-1.4905777
Rb2NiPbCl6,-1.5028584
CsRbK_TlF6,-2.786972
CsK_RuTlCl6,-1.4983923
CsK_NiBaF6,-2.8932624
RbK_CdPtCl6,-1.3301784
RbBaNaNiF6,-2.93769
Rb2GaAgF6,-2.5813708
Cs2K_GdBr6,-1.6486441
Rb2CdSnF6,-2.6221213
RbBaCuEuF6,-2.6796262
Cs2CeHgCl6,-1.5912673
Cs2RuHgF6,-2.2339637
CsK_AsAgCl6,-1.4139805
K_BaLiHgF6,-2.7944293
Cs2CrEuCl6,-1.7271544
CsRbCuTbF6,-2.5106592
Cs2ErTlF6,-2.7222319
CsK_CoAgF6,-2.283635
CsK_YbTlF6,-2.6937919
CsRbAgGdBr6,-1.3161055
CsK_CoSnCl6,-1.4623373
RbK_NaFeF6,-2.824747
Cs2AlK_Cl6,-2.0290327
CsRbFePtF6,-2.1290061
Cs2GdTlF6,-2.6865306
CsRbK_CeF6,-2.7701359
Rb2MgEuCl6,-1.9184916
CsK_FePbCl6,-1.5387356
Rb2CaPdF6,-2.761855
Rb2LiPrF6,-2.8329537
Cs2GaAuCl6,-1.4295236
Cs2CoHgF6,-2.3286803
Cs2AgLuF6,-2.538157
RbK_ScTlF6,-3.2765942
CsRbCuGaF6,-2.5337336
K_2FeCuF6,-2.3901453
CsK_CuGdCl6,-1.5175322
CsRbLiLuF6,-2.874692
CsRbEuTlF6,-2.7394357
K_2CrEuF6,-2.7141325
RbK_TiSnCl6,-1.6854961
CsK_RbRhCl6,-1.6196693
CsRbAlK_Cl6,-2.0099502
Cs2CaCuCl6,-1.8704481
CsK_LiTlF6,-2.7885282
Cs2PdSnF6,-2.314242
CsBaCrHgF6,-2.6685023
K_2TiZnF6,-2.8830128
Rb2MnHgCl6,-1.5558445
CsRbSnHgF6,-2.4588006
CsK_RbAuF6,-2.2159162
CsK_NaFeCl6,-1.7006094
Cs2NbHgF6,-2.582209
Rb2LiLaF6,-2.8597972
Rb2NaTbCl6,-1.8363985
Cs2BeBaF6,-3.2595787
RbK_ZnEuCl6,-1.6638596
CsRbTiHgCl6,-1.727932
RbK_BeHgF6,-2.6148744
Rb2NaTlF6,-2.8245976
RbK_AgInF6,-2.549716
RbK_CuCeF6,-2.4352756
Cs2CrPbBr6,-1.4404083
CsRbAgHoBr6,-1.3214802
CsRbNaTmCl6,-1.8344641
K_2CuCeF6,-2.4282336
Rb2HgBiF6,-2.4755275
Rb2CuTlF6,-2.442235
K_2TiEuF6,-2.8646796
K_2PdCdF6,-2.2677321
Rb2NiPtF6,-2.077835
CsRbCaZnCl6,-2.0455217
RbK_CaCdF6,-3.1268954
RbBaLiMnF6,-3.1688473
CsK_CuTmCl6,-1.5382773
CsRbCaPbCl6,-2.0748572
RbK_NaPmCl6,-1.8406671
RbK_PtHgF6,-2.0218756
K_BaNiAgF6,-2.565434
Cs2AgTbCl6,-1.59419
Cs2MnBaCl6,-2.0706182
Cs2SrEuCl6,-2.0923052
CsK_EuHgCl6,-1.5916619
K_BaCuZnF6,-2.7370522
CsRbSmHgCl6,-1.5939269
CsRbAgHoF6,-2.5297701
CsRbCaEuF6,-3.1995616
CsRbCuPrCl6,-1.5304061
CsK_AgTlCl6,-1.5364472
Cs2HoAuCl6,-1.4322261
Cs2ZnBaCl6,-2.0873983
K_2NaCeF6,-2.7999237
Cs2LiPmCl6,-1.8461937
Cs2CrRbF6,-2.9791641
Rb2EuPtF6,-2.2717376
K_2NaPmF6,-2.9034486
CsRbLiTlCl6,-1.7699594
RbK_MnCdCl6,-1.6423935
CsK_RhTlCl6,-1.532049
RbK_CuPbF6,-2.4330745
CsRbNaCoCl6,-1.6138573
Cs2NdHgF6,-2.5609105
RbK_V_SnF6,-2.7073417
Cs2FeSnCl6,-1.5456623
CsK_AgLaCl6,-1.5482905
Cs2MnPbI6,-1.0431924
CsK_BeCaF6,-3.2861238
Cs2CrSnCl6,-1.6395725
Cs2NaSbF6,-2.8505797
CsRbZnPtF6,-2.2078533
Cs2AgYbBr6,-1.3469675
CsRbK_HoF6,-2.8479214
K_2CoSrF6,-2.945083
Rb2RhTlF6,-2.4341455
CsK_TbHgF6,-2.5369058
K_2CuPbF6,-2.4298196
CsRbAlAgCl6,-1.7377348
Rb2PmHgF6,-2.552997
CsRbSrPdBr6,-1.5515947
Cs2BeSrF6,-3.2834759
CsRbDyAuCl6,-1.4454842
CsBaNaHgF6,-2.8248382
K_2HgTlF6,-2.4572923
Cs2TbAuCl6,-1.4501889
RbK_AgSbCl6,-1.4611543
CsRbCrSnBr6,-1.3538812
RbK_V_FeF6,-2.6980002
RbK_RhAgF6,-2.2082548
RbK_MoHgF6,-2.4752417
RbK_NaMoF6,-2.8569324
RbK_NiHgCl6,-1.3847954
Cs2CuGdCl6,-1.5400091
RbK_LiPmCl6,-1.8147469
RbBaLiSnF6,-3.0964198
CsK_RuAgCl6,-1.3187069
Cs2GaAgF6,-2.5948808
CsK_V_TlF6,-2.9000456
Cs2V_TlCl6,-1.8236516
Cs2CoBaF6,-2.9010525
Cs2K_TlBr6,-1.6658249
Cs2K_AsF6,-2.7555192
CsRbNiSnBr6,-1.2541806
Cs2AuBiCl6,-1.4297016
K_2CrPbF6,-2.6206717
Cs2SmTlF6,-2.710012
CsK_CaNiCl6,-1.8772898
RbK_NaRuF6,-2.570601
CsK_CrFeF6,-2.4638104
CsK_CrEuCl6,-1.6819626
CsK_CrRbF6,-2.9507308
Cs2K_HoBr6,-1.65
CsBaK_NiF6,-2.8195882
RbK_NaLuF6,-2.891708
CsK_InHgF6,-2.570154
Cs2AgCeBr6,-1.3239676
Rb2LiEuF6,-2.9075818
CsRbRhHgCl6,-1.4168203
Cs2AsRbF6,-2.7386622
Rb2SnPtCl6,-1.3852303
K_2CuYbF6,-2.4806323
RbK_CaPdCl6,-1.7787327
Rb2SbHgF6,-2.4665132
Cs2LuHgCl6,-1.6269829
RbK_FeTlF6,-2.636542
K_2NaMoF6,-2.854254
RbK_CdHgCl6,-1.516904
CsRbPdHgCl6,-1.3895189
CsRbV_TlF6,-2.9116154
Cs2MgCdCl6,-1.9129446
RbK_LiTlF6,-2.7987978
CsRbCuPrF6,-2.4630497
RbK_PtHgCl6,-1.2964875
K_2V_PtF6,-2.3406696
CsK_NaNbF6,-2.9445944
Cs2CrRbBr6,-1.5597372
CsRbAgYbBr6,-1.3318024
CsRbPdPbBr6,-1.2557057
K_2NaSbF6,-2.8269725
RbK_LiLuF6,-2.8763566
CsK_NaCeCl6,-1.7871071
CsK_LiAuF6,-2.2289124
RbK_CaCrCl6,-1.9916111
CsK_AgCeF6,-2.4545898
CsK_ScTlF6,-3.288662
CsRbPdHgBr6,-1.1785853
Cs2CuPrBr6,-1.3125169
RbK_LiTiF6,-3.2305024
CsK_NaYbCl6,-1.8262084
CsRbCuNdCl6,-1.5578904
Rb2CoEuF6,-2.5587833
CsK_MgFeF6,-2.9128509
Rb2CoZnF6,-2.5262587
Rb2NaPmCl6,-1.8543125
RbK_SrHgF6,-2.8896542
CsRbNaFeF6,-2.8306718
Cs2TiMnF6,-2.9038103
Rb2LiNdF6,-2.8940973
Rb2K_CoF6,-2.6272206
Rb2CuSnCl6,-1.4935364
CsRbNaDyF6,-2.9626389
CsK_NaAuF6,-2.2592874
Cs2NbHgCl6,-1.6211061
RbK_CoSnF6,-2.493154
K_2CaNiF6,-2.9753077
CsRbAgErF6,-2.508615
Cs2TiEuCl6,-1.872173
Rb2K_YbF6,-2.8133574
CsK_TiBaCl6,-2.10428
RbK_NaGaF6,-2.964316
Cs2MnHgCl6,-1.5835311
CsK_MnPtCl6,-1.379235
RbK_LiBiF6,-2.8292623
CsRbMnFeCl6,-1.5218159
RbK_CuSnF6,-2.446014
CsRbNaGdBr6,-1.5427557
CsK_CuNdF6,-2.508899
Rb2CeHgF6,-2.4651308
CsK_CrTlCl6,-1.742054
CsK_LiSmCl6,-1.7735983
CsRbLiNdF6,-2.8872836
CsRbMgEuF6,-3.0821602
Cs2K_V_Br6,-1.6724069
RbK_CaCoCl6,-1.8486226
RbK_CuAuCl6,-1.2147309
Rb2CoAgF6,-2.2985444
K_2LiSbF6,-2.8275142
CsK_CdSnF6,-2.6216958
Cs2CuPtF6,-2.014752
RbK_EuPtF6,-2.2651503
CsRbCdEuF6,-2.707031
CsK_BeCdF6,-2.7878168
CsK_TiPtCl6,-1.4328792
CsK_AgNdF6,-2.5317197
CsK_CuEuF6,-2.5071218
CsK_RhHgCl6,-1.3990018
Cs2NiBaBr6,-1.6536419
Rb2PtHgCl6,-1.3146446
CsRbV_MnCl6,-1.6880178
Cs2TiCdF6,-2.8981073
RbK_AgAuF6,-1.9598211
Cs2CaPtCl6,-1.7625542
RbK_AsTlF6,-2.5799708
CsRbK_YbF6,-2.8254452
Rb2AlAuCl6,-1.5770171
CsK_MgCaCl6,-2.2916434
Rb2CoPtF6,-2.0733895
CsK_DyTlF6,-2.7583842
RbK_LiTlCl6,-1.7522932
Rb2ZnEuF6,-2.7364485
CsRbCaPdF6,-2.7571473
Cs2TmHgF6,-2.556832
CsK_LiGdF6,-2.8006382
K_BaMnCuF6,-2.7488153
CsK_AsAgF6,-2.3712294
Cs2RbHoF6,-2.8363676
Ba2LiNaF6,-3.5770767
K_BaLiMnF6,-3.1892047
Cs2V_PbF6,-2.7668793
RbK_AgAuCl6,-1.2038963
RbK_SrPtF6,-2.6387906
Cs2InHgF6,-2.568912
RbK_HgTlF6,-2.4682257
Rb2MgPtF6,-2.5770192
CsRbCuAgCl6,-1.3706348
Cs2CoRbF6,-2.633587
Cs2NaPrF6,-2.8668227
CsK_LiTmF6,-2.8559456
CsK_RhTlF6,-2.4339871
RbK_MnCuF6,-2.5421326
CsRbMgHgF6,-2.8087738
CsK_AgEuCl6,-1.5615747
RbK_LiDyCl6,-1.7894077
Cs2CoSnF6,-2.4869688
CsRbSnEuF6,-2.6963344
Cs2CuCeCl6,-1.5335584
CsRbNaTmF6,-2.89534
CsRbK_EuCl6,-1.8461506
CsRbNiTlF6,-2.4643002
RbK_CuAgCl6,-1.352069
CsK_GdHgCl6,-1.5703952
CsK_MnZnCl6,-1.6452554
Cs2AgYbCl6,-1.5831379
Cs2LiBiCl6,-1.7887027
CsK_RbMoF6,-2.8169546
Rb2CrEuF6,-2.7205763
RbK_CuNdF6,-2.5115294
Rb2CaFeF6,-3.0414343
RbK_NaEuF6,-2.916359
Rb2NaNiF6,-2.597611
Cs2NaInCl6,-1.8684285
K_2NiSrF6,-2.9271944
CsK_SnHgCl6,-1.5377598
Cs2MoHgCl6,-1.5469619
RbK_AgTmF6,-2.518931
Rb2CdHgCl6,-1.5571935
CsRbLiHoCl6,-1.7861092
RbK_AgErCl6,-1.5395257
K_2AgDyF6,-2.5568843
CsRbZnPdF6,-2.3125463
RbK_NaAuCl6,-1.4468877
CsRbNiBaF6,-2.8960314
CsK_RbTlF6,-2.7550797
Cs2K_HoF6,-2.8618386
RbBaLiNiF6,-2.9648747
RbK_CrHgCl6,-1.5548382
CsRbCrHgCl6,-1.5912917
CsK_CoHgCl6,-1.3731859
Cs2TiEuF6,-2.886447
CsRbPdPtF6,-1.9234016
CsK_HgTlCl6,-1.5680206
CsRbCuHgF6,-2.1834292
CsRbNaMnCl6,-1.812323
Cs2NbAgBr6,-1.34529
CsRbNaAuF6,-2.2741637
CsRbNaPmBr6,-1.5927972
Rb2AgPrF6,-2.4840977
CsRbScTlF6,-3.2990518
CsRbEuAuCl6,-1.441284
Cs2RbGdF6,-2.7897248
CsRbCoTlCl6,-1.5115672
CsK_CuYbCl6,-1.5404018
CsRbYbHgCl6,-1.6044105
Cs2ZnHgF6,-2.497243
CsRbMoAgF6,-2.4679909
RbK_PdHgF6,-2.1206126
RbK_CuSmF6,-2.4713864
K_2CaHgF6,-2.9080439
Cs2CuTbF6,-2.5117128
Cs2K_TbF6,-2.8681922
CsRbSrHgF6,-2.9101954
CsRbNaAuCl6,-1.4629115
CsRbBeSrF6,-3.2853534
CsRbLiGdCl6,-1.7777898
CsRbAlTlBr6,-1.6738815
RbK_CaPdF6,-2.7602592
RbK_TbHgF6,-2.5295792
CsRbLiCeF6,-2.7936618
CsRbAgLuBr6,-1.3313292
Cs2AgEuF6,-2.5596976
CsRbMnAgF6,-2.540393
CsRbNaTlF6,-2.8285124
Cs2NaNdF6,-2.9259124
CsK_CuMoF6,-2.4211102
Rb2K_SbF6,-2.789147
CsK_MnHgF6,-2.5417867
CsRbGdHgCl6,-1.5895618
Cs2LiDyCl6,-1.8212662
Rb2BeBaF6,-3.2589486
Cs2LuAuCl6,-1.4465595
RbK_AuHgF6,-1.970006
CsRbNaTbBr6,-1.5716528
K_2CaV_F6,-3.2364602
RbK_MnSnF6,-2.685219
CsRbCuDyF6,-2.5452027
K_BaNiCuF6,-2.6260574
Ba2LiCuF6,-3.2068634
RbK_NaHoF6,-2.8864765
Cs2RbTmCl6,-1.878397
Cs2V_PbCl6,-1.7432072
Rb2NaLuCl6,-1.8338455
Cs2NaV_F6,-3.0833
K_2BeEuF6,-2.8777606
CsK_CuCdCl6,-1.4839828
Cs2K_DyCl6,-1.853584
K_2LiLaF6,-2.852743
CsRbNaRuCl6,-1.5985383
CsRbScAgBr6,-1.6809072
CsBaK_CuF6,-2.7127423
Rb2DyHgF6,-2.583214
RbK_NaSbF6,-2.8333645
CsK_AlRbCl6,-2.009206
CsRbScAgF6,-3.0867796
CsRbLiCeCl6,-1.770495
CsRbCuEuCl6,-1.5454328
CsK_AlAuCl6,-1.5762242
CsBaLiMnF6,-3.1311507
K_2NaBiF6,-2.8297908
Cs2PtHgCl6,-1.3397962
Cs2TiTlCl6,-1.9399122
K_2LiYbF6,-2.8582466
Cs2MoTlBr6,-1.4392589
CsRbCuPmF6,-2.5187685
Rb2SmHgF6,-2.5116086
CsK_NbAgCl6,-1.5498626
RbBaCuPbF6,-2.6339698
Rb2CrTlF6,-2.8206131
CsRbCuInF6,-2.5265195
Rb2ErHgF6,-2.512573
Rb2NaGdF6,-2.8378189
Rb2V_CrF6,-2.7225633
CsRbNaEuF6,-2.9310503
Cs2RhAgF6,-2.2261631
CsRbScHgF6,-3.088765
CsRbNaLaCl6,-1.8205051
RbK_BeSrCl6,-2.035665
CsK_NiPbCl6,-1.5029761
Cs2SrEuF6,-3.183974
CsK_CrSrF6,-3.0727172
CsK_CaPbF6,-3.1346054
RbK_NdHgF6,-2.5347223
Rb2CaMnF6,-3.1978688
Rb2K_ScF6,-3.4306273
CsK_CaTiF6,-3.3021824
CsRbDyHgCl6,-1.6135775
Rb2NaPmF6,-2.9230056
Cs2LiLuF6,-2.873737
Cs2K_LaF6,-2.8375401
Cs2K_SbCl6,-1.7789618
Rb2TiMnF6,-2.899712
Cs2AgSmF6,-2.5181994
K_2CuSmF6,-2.464497
K_2CuBiF6,-2.4237614
K_2LiErF6,-2.8542128
Cs2AgInF6,-2.5565333
Rb2CuBiF6,-2.433015
CsK_MoAgF6,-2.4608262
CsRbMgCdF6,-3.0215564
CsK_CuBaF6,-2.8026345
K_2SrPtF6,-2.6345613
CsK_CuCdF6,-2.3920295
CsK_CaFeCl6,-1.919062
CsRbNaMnF6,-2.9144053
Cs2TmAuCl6,-1.4441292
Cs2TiHgF6,-2.8820498
K_2NiPtF6,-2.0847614
Rb2ZnPbF6,-2.6747162
Cs2CdHgBr6,-1.3536507
RbK_CaHgCl6,-1.8965292
CsK_ZnEuF6,-2.7326407
Cs2TiBaBr6,-1.862519
CsRbPdSnCl6,-1.4659617
K_2LiBiF6,-2.8320792
CsK_TbHgCl6,-1.6025038
RbK_RuHgCl6,-1.3426996
Cs2K_InF6,-2.9171777
CsRbLiHoF6,-2.872767
K_2PdHgF6,-2.112927
Cs2AgSbCl6,-1.5137923
CsK_NaEuCl6,-1.8293884
Cs2MgPdF6,-2.6444128
Rb2CrCoF6,-2.5038772
RbK_FeBaF6,-2.9360118
K_2AgTmF6,-2.507915
Rb2CrNiF6,-2.508259
RbK_CuSmCl6,-1.4786407
CsRbAgLuF6,-2.5317974
CsRbNdTlF6,-2.727384
RbK_CrEuCl6,-1.6539599
CsK_LiMnF6,-2.8905408
K_2CuRbF6,-2.4210577
RbK_AgLuCl6,-1.5500337
Rb2ScHgCl6,-1.9570897
Rb2FeCoF6,-2.4117036
CsRbZnSrCl6,-2.047982
RbK_NaScF6,-3.481463
CsRbCaCuF6,-2.8864007
CsK_NiEuF6,-2.5251858
CsRbLiInF6,-2.9245348
Cs2K_MnCl6,-1.7923723
CsRbPtHgF6,-2.038016
Cs2LiSbF6,-2.8170946
Rb2AlTlF6,-3.1795802
RbK_FeAgF6,-2.4287055
Cs2NaLaBr6,-1.678817
Cs2MgEuF6,-3.083471
Cs2NaPrI6,-1.2490989
RbK_NaGdF6,-2.8270435
Cs2CaCrBr6,-1.7590797
Rb2MoHgF6,-2.4763758
CsRbCrEuCl6,-1.7000797
CsRbTiZnCl6,-1.7395837
K_2TiSrF6,-3.2520657
CsRbV_ZnF6,-2.7984884
Cs2CrAuCl6,-1.4700692
RbK_NaTmCl6,-1.8110288
Rb2BeSrF6,-3.294141
CsRbK_CoCl6,-1.5849462
K_2LiTbF6,-2.8768356
Cs2NaLaCl6,-1.8345709
Cs2K_TmCl6,-1.8220346
Cs2CuRuF6,-2.1932278
Cs2DyHgCl6,-1.6307284
Cs2TbHgCl6,-1.637316
K_2CuDyF6,-2.5379608
RbBaLiCuF6,-2.8803036
CsK_NaDyCl6,-1.8377435
Rb2FeSnCl6,-1.5091618
CsRbTiSrCl6,-2.149726
Rb2CuTmF6,-2.5063865
CsRbMoAgCl6,-1.4872255
CsK_CoRbCl6,-1.5832434
Cs2ScCuF6,-3.049709
CsK_AlHgCl6,-1.7466755
Cs2AgPmCl6,-1.6154035
Cs2CoHgCl6,-1.3953302
CsRbMgCdCl6,-1.8988298
K_2NaV_F6,-3.0812154
Cs2K_ErF6,-2.8408287
CsRbCoAgCl6,-1.3482716
Cs2AlAgCl6,-1.7519842
CsK_MoHgF6,-2.4790006
Cs2LiEuCl6,-1.8181458
RbK_NaCeCl6,-1.7714936
CsK_CoCdF6,-2.4647703
Cs2CaPdCl6,-1.8232676
CsRbK_DyCl6,-1.8305595
CsRbCuBiCl6,-1.5062156
Rb2MgPbCl6,-1.8904636
Rb2AsHgF6,-2.392476
RbK_LiAsF6,-2.7532866
K_2TiPtF6,-2.5266216
CsRbMnZnCl6,-1.6488225
Cs2K_PrF6,-2.818218
Cs2CrBaCl6,-2.0388875
Rb2AgTbF6,-2.533587
Rb2V_ZnF6,-2.7947598
RbK_CuCdCl6,-1.475713
RbBaLiEuF6,-3.1134846
Cs2AgInCl6,-1.5956739
Cs2MnTlCl6,-1.7132374
CsK_NaTiF6,-3.2263482
Rb2NbTlF6,-2.7763531
CsRbAgTmBr6,-1.3278731
Cs2GaAgBr6,-1.3279927
K_2LiLuF6,-2.8825617
CsK_NaScF6,-3.4772594
Cs2V_CoF6,-2.594138
K_2CoSnF6,-2.4915009
RbK_NbHgCl6,-1.5684781
CsK_SbHgF6,-2.4672468
RbK_CdPtF6,-2.1590824
RbK_V_EuF6,-2.793822
CsK_CuRhF6,-2.2001166
Cs2SnEuF6,-2.7062507
CsRbBaPtF6,-2.6070285
Rb2NiBaF6,-2.8911405
Cs2SbAuI6,-0.86144316
Cs2DyAuCl6,-1.4574286
CsRbNaLuF6,-2.9037309
CsK_MnFeCl6,-1.518995
CsRbV_FeF6,-2.6364198
CsK_V_CdF6,-2.760153
Rb2NaBiF6,-2.8466864
RbK_MgCoF6,-2.892173
Rb2LiTmF6,-2.8715644
RbK_BeSnF6,-2.8354945
CsRbZnSrBr6,-1.7746792
CsK_NaSbF6,-2.83475
Cs2NiEuF6,-2.532773
CsK_CoCuF6,-2.2820487
K_2MoAgF6,-2.4467797
K_2CaCoF6,-2.9933944
Cs2RbInF6,-2.8991282
Cs2NaAsF6,-2.7713177
Cs2NaScCl6,-2.2757475
K_2V_CoF6,-2.6183128
Rb2CuPbCl6,-1.4980648
CsRbDyTlF6,-2.7676346
CsRbCaSnF6,-3.1131272
RbK_NaSmF6,-2.8618305
CsK_CaCuCl6,-1.8503698
Cs2MnEuF6,-2.7737577
RbK_TiHgCl6,-1.6898512
CsRbHoHgF6,-2.5404935
Rb2CuSbF6,-2.4189258
CsK_FeTlF6,-2.6474185
Cs2MnCoF6,-2.5386267
RbK_MnSrCl6,-2.0434663
CsRbTbTlF6,-2.7296114
CsRbAgNdCl6,-1.589252
Rb2NaMoF6,-2.8622048
CsK_V_SrCl6,-2.0782537
CsK_InTlF6,-2.7593715
CsK_CuPmF6,-2.5115
Cs2CaPtF6,-2.6663435
RbK_LiTbF6,-2.8746142
Cs2K_FeCl6,-1.7065893
Cs2MgEuBr6,-1.6931343
CsPrLiNaF6,-2.8571548
K_2BeSrF6,-3.2967808
CsRbAgCeF6,-2.46561
CsRbFePbF6,-2.5461113
Cs2NaTbCl6,-1.8630673
CsRbNaLaBr6,-1.6568878
Cs2PdBaCl6,-1.8231552
CsRbNaDyCl6,-1.8488535
CsRbNaPmCl6,-1.8684759
CsRbFeEuCl6,-1.5965047
CsK_NiZnF6,-2.4846969
CsRbNaAlF6,-3.3600101
Rb2V_HgF6,-2.7027268
CsK_MgCuF6,-2.7805028
Rb2NaSmCl6,-1.8056507
RbK_LiSmF6,-2.8506331
CsK_TmTlF6,-2.7134545
Rb2AgCeF6,-2.4587908
K_BaBeHgF6,-2.9156742
CsRbCdHgBr6,-1.3349259
CsBaNiHgF6,-2.5246966
CsRbMnNiF6,-2.5293138
CsBaLiCrF6,-3.0794287
CsRbNiEuCl6,-1.5497848
Cs2GaTlBr6,-1.5455894
CsRbGaTlF6,-2.8106742
Cs2BeHgF6,-2.6173952
CsRbCdPbBr6,-1.4403917
CsBaNaMnF6,-3.1259437
Rb2CoPbCl6,-1.4799131
RbK_NiSnF6,-2.487757
CsK_CrAgF6,-2.6122777
CsRbK_EuF6,-2.8767693
CsRbNiBaCl6,-1.894317
CsRbCrSrCl6,-2.0279956
Cs2AsAgF6,-2.388105
Rb2CuZnF6,-2.4575255
Cs2CaSrBr6,-2.1716356
RbK_NaCoCl6,-1.5994266
Cs2NaNbCl6,-1.8557094
CsK_TiAgF6,-2.8536947
Cs2CrEuBr6,-1.4961151
RbK_LuHgF6,-2.5253975
Cs2FeBaCl6,-1.9508057
Cs2RbErF6,-2.8251834
CsK_MnEuCl6,-1.7020628
CsK_AgSmCl6,-1.543432
Cs2LiTlF6,-2.8019295
CsRbK_YbCl6,-1.8032882
K_2AgTlF6,-2.4438007
CsK_AgAuF6,-1.9588473
Cs2V_FeF6,-2.639016
CsK_LuAuCl6,-1.4216961
CsK_MnTlF6,-2.745854
Cs2CuAgF6,-2.1736932
Cs2AgLaF6,-2.5211358
CsRbNbAuCl6,-1.434321
RbK_MgV_F6,-3.1414857
CsBaMgHgF6,-3.0397308
Cs2AgHoF6,-2.5371687
CsRbNaSbCl6,-1.7640932
CsRbCaTiBr6,-1.850951
CsBaNaCdF6,-3.0518224
CsK_MnSnCl6,-1.6438887
CsRbK_RuF6,-2.5241323
CsBaLiCoF6,-2.939578
Cs2CoCdF6,-2.472349
CsRbTiPtCl6,-1.454394
Cs2CdHgCl6,-1.5825828
RbK_CuTbCl6,-1.5192049
Cs2GaAgCl6,-1.5440732
RbK_GaHgF6,-2.595093
CsK_CuDyCl6,-1.5355915
CsK_BePbCl6,-1.650891
Cs2BaPtBr6,-1.5348223
CsRbGdHgF6,-2.4882722
RbK_ZnEuF6,-2.73064
CsK_NaTiCl6,-1.9867443
CsRbRuTlCl6,-1.5154593
Cs2BePbF6,-2.8257813
CsK_AgTmCl6,-1.5579544
RbK_CrBaF6,-3.0166101
Cs2NaTmBr6,-1.5679483
CsK_CuPbCl6,-1.4954356
Cs2CrAgCl6,-1.587693
Cs2NaMoF6,-2.871958
CsK_LiYbF6,-2.8393102
K_2CaTiF6,-3.298328
Rb2BeSnF6,-2.8321824
CsK_LiLuCl6,-1.7987041
RbK_MnSrF6,-3.1525948
Cs2CuPmF6,-2.520371
Rb2CrHgCl6,-1.57189
CsRbAlHgF6,-2.9856892
CsK_CuTlF6,-2.4305067
CsRbNbTlF6,-2.7896435
K_2GaAgF6,-2.5724952
CsRbV_MnF6,-2.8181357
Cs2CrAgBr6,-1.3403212
CsRbMgCuF6,-2.7877097
Cs2CuEuCl6,-1.5559794
Rb2LiErF6,-2.8518872
Rb2MgPbF6,-3.039864
RbK_CuSrF6,-2.8596709
RbBaFeAgF6,-2.582087
CsRbAgDyF6,-2.580319
Rb2CoSnF6,-2.4958596
K_2NaAlF6,-3.3699703
Rb2FeHgF6,-2.439017
Cs2CaEuF6,-3.2084327
Cs2AgTlBr6,-1.3356287
RbK_CaCuCl6,-1.840996
Cs2CuLaF6,-2.4838881
Rb2TiAgF6,-2.8561645
RbK_TiCdF6,-2.8828425
Cs2LiSmCl6,-1.7920415
CsRbRhAgCl6,-1.3684696
Cs2RbSmF6,-2.8117878
CsRbTiAgF6,-2.8595579
CsRbCaTiF6,-3.3008912
Cs2K_YbBr6,-1.6717675
RbK_V_SrCl6,-2.0426736
Cs2NaRhF6,-2.5934546
CsRbAsHgF6,-2.3981616
RbK_SmHgF6,-2.5014834
Cs2K_MoBr6,-1.5113477
CsRbCuLuF6,-2.5027008
RbK_ScHgCl6,-1.9382817
Cs2AgInBr6,-1.3598726
Cs2FeAgBr6,-1.2225639
CsRbMnSrBr6,-1.7814047
CsK_AsHgF6,-2.3899117
CsK_CuGdF6,-2.4395766
Rb2CuSrCl6,-1.8398812
Rb2LiAuF6,-2.249706
Cs2AuHgF6,-1.9875596
Cs2V_RbBr6,-1.6753318
K_BaNaTiF6,-3.2294273
CsK_CoNiF6,-2.324638
CsK_CuPbF6,-2.4264975
CsRbNaNdF6,-2.9190094
CsRbK_LuCl6,-1.8196151
Cs2TiPbBr6,-1.5511085
Rb2AgTlF6,-2.4682088
RbK_MgCdCl6,-1.8825052
CsRbK_TlCl6,-1.7903706
CsRbMoTlF6,-2.7045548
RbK_NaLaCl6,-1.791371
Cs2AgAuF6,-1.9738748
CsK_AsHgCl6,-1.4511368
Rb2CoCuF6,-2.3059793
Cs2CoAgCl6,-1.358083
Rb2CuYbF6,-2.4947393
RbK_AgPrF6,-2.4743958
RbK_CuPrF6,-2.4572804
CsRbMgV_F6,-3.142817
Cs2CdBaF6,-3.080142
CsK_CuBaCl6,-1.834067
RbK_V_HgF6,-2.6970854
CsRbLiEuCl6,-1.8066692
CsK_GdHgF6,-2.4781928
Rb2CrPbF6,-2.6261277
CsK_NaCuF6,-2.4806094
Rb2K_TiF6,-3.2118766
CsK_NaYbF6,-2.8644142
Cs2CuPrCl6,-1.5419598
CsBaAgPtF6,-2.2519116
CsRbMnAuCl6,-1.4005842
Cs2CeAuCl6,-1.4103907
CsK_NaAlF6,-3.3548477
CsRbFeTlCl6,-1.6097767
Rb2HgPbF6,-2.4590116
CsK_LuHgCl6,-1.5957696
CsRbCrSrF6,-3.0766234
CsK_LiCoF6,-2.647792
CsRbNaTbF6,-2.908277
Cs2MgSnBr6,-1.631696
CsRbV_EuCl6,-1.7587748
Rb2TiFeF6,-2.7552
Cs2ZnPbBr6,-1.4458501
Cs2NaSmCl6,-1.8300636
CsK_TiHgF6,-2.8672369
Cs2GdHgF6,-2.4984715
RbK_LiTmCl6,-1.7813181
CsK_CdHgCl6,-1.5550492
CsRbCaHgBr6,-1.6646054
Rb2ZnPdF6,-2.3268971
CsK_NaNdF6,-2.9084897
RbK_CaPbF6,-3.1291625
CsRbLiLaCl6,-1.7921616
Cs2TlBiF6,-2.6918862
CsRbCoSnF6,-2.4891782
CsK_NiAgF6,-2.2448661
Cs2AlTlF6,-3.197448
Rb2NaInF6,-2.947544
Rb2HgTlF6,-2.4798477
Cs2FeEuF6,-2.6373012
K_2ZnPbF6,-2.6663544
CsRbNaInF6,-2.9477477
Cs2LiPrCl6,-1.7957134
Cs2CuBiF6,-2.4345717
Cs2CdPtF6,-2.1603374
CsRbNaLaF6,-2.8833144
Cs2CrBaBr6,-1.7341444
RbK_TiAgCl6,-1.6838089
CsK_PdHgF6,-2.126305
RbK_RuHgF6,-2.2077346
CsRbMgPbF6,-3.0349445
RbK_FeAgCl6,-1.4078572
CsK_NaLuCl6,-1.8347714
CsRbCuHgCl6,-1.4164358
CsK_ErTlF6,-2.6972947
Rb2CrCdF6,-2.6455688
CsK_CrBaF6,-3.0264084
CsK_AgTlF6,-2.4611878
CsK_V_EuCl6,-1.7372253
RbK_TiV_Cl6,-1.7567171
RbK_CuPrCl6,-1.5052583
CsRbFeSrCl6,-1.9340156
CsRbCrSrBr6,-1.7461202
Cs2NdTlF6,-2.7425363
CsK_AsRbCl6,-1.677602
CsRbBePbF6,-2.831513
Rb2LiCeF6,-2.8006556
RbK_NaGdCl6,-1.7845539
CsK_ZnPbF6,-2.6678882
Cs2MnEuI6,-1.0709679
Rb2RuHgCl6,-1.361678
CsK_LiLaF6,-2.8431408
Rb2SnHgF6,-2.4476962
RbK_ZnCdF6,-2.6474595
CsK_MnHgCl6,-1.5550222
Cs2ZnEuCl6,-1.7172934
Cs2AgLaCl6,-1.5765412
CsRbBeTiF6,-2.9820313
RbK_PmHgF6,-2.5440674
RbK_TiV_F6,-2.859127
CsRbNaCuF6,-2.4934685
RbK_V_TlF6,-2.8908694
Cs2MoHgF6,-2.4985318
Rb2PdPbF6,-2.3206472
Rb2CrSnF6,-2.5999985
Cs2SmHgF6,-2.5299416
Rb2MnSrF6,-3.158973
RbBaCoAgF6,-2.5460095
Cs2RhTlF6,-2.4598155
CsBaCoHgF6,-2.5344772
CsBaLiHgF6,-2.8020787
Rb2ZnCdF6,-2.6518118
Cs2LiBiF6,-2.8278291
CsK_SnPtCl6,-1.3816445
CsRbSrHgCl6,-1.9229057
Cs2MgSrCl6,-2.317918
CsRbCaCdBr6,-1.7775443
RbK_AgYbCl6,-1.548301
RbBaLiPtF6,-2.6721346
RbK_ZnHgCl6,-1.5307535
K_2CuAgF6,-2.1713595
K_2CuEuF6,-2.5029855
Rb2CuGdF6,-2.4498477
CsK_PmHgCl6,-1.6213573
Cs2HgTlCl6,-1.5947583
CsRbNiSnF6,-2.4784913
Cs2NaPmF6,-2.9341886
CsRbBeBaF6,-3.2571228
CsRbMgCrF6,-2.9756227
RbK_SrPdCl6,-1.7644202
Cs2MoAuCl6,-1.3752762
RbK_NaPmF6,-2.912869
Cs2K_RuCl6,-1.603788
CsK_NaSmF6,-2.8658135
Cs2AlHgF6,-2.9912343
K_2CaFeF6,-3.0469356
CsK_NaNiF6,-2.5853693
Cs2MnSrI6,-1.3328801
CsRbMgCaF6,-3.5259423
Cs2AlTlBr6,-1.7006428
Cs2TmTlF6,-2.740335
K_2InHgF6,-2.5565882
Cs2K_RhBr6,-1.4414742
CsBaNaTiF6,-3.2334945
Cs2MnTlF6,-2.7709305
CsRbTbHgCl6,-1.6212944
CsRbTiZnF6,-2.8745599
Cs2RbMoF6,-2.84547
RbK_AlHgCl6,-1.73056
CsRbBeEuF6,-2.8718886
CsK_TiCdCl6,-1.7356669
CsBaCuAgF6,-2.4828286
RbK_CoAgF6,-2.2893453
K_2CrNiF6,-2.537119
RbK_CuSrCl6,-1.826265
Cs2NiBaCl6,-1.916703
CsRbMoAuCl6,-1.3570039
CsRbCaBaF6,-3.553928
CsRbZnEuBr6,-1.4497192
CsRbBeHgF6,-2.618311
K_2MnPtF6,-2.2526507
Cs2PrHgF6,-2.5114274
CsRbCrZnF6,-2.641887
CsRbK_RhF6,-2.5682485
Cs2RbCeF6,-2.8123555
Rb2LiYbF6,-2.8536325
CsRbNaYbBr6,-1.556326
CsK_NaHoCl6,-1.8120089
Cs2RhTlCl6,-1.5716809
CsRbSnHgCl6,-1.5555764
CsK_PrHgCl6,-1.5784376
CsRbNaYbCl6,-1.8357203
Cs2AgDyF6,-2.5876422
K_2CuTbF6,-2.4986
Cs2LiDyF6,-2.9386683
RbK_NbHgF6,-2.5596268
RbK_SbTlF6,-2.641271
CsK_V_PtCl6,-1.3590679
Cs2FePbF6,-2.5490909
RbK_CoTlF6,-2.4825673
RbK_NiSrF6,-2.9294314
Cs2NaLuF6,-2.9093895
RbK_SnHgF6,-2.4412863
RbBaCuCdF6,-2.6371603
Cs2CaFeCl6,-1.948093
CsK_NaRhCl6,-1.6157701
RbK_CuHoCl6,-1.4947511
Cs2K_RhF6,-2.5711854
CsK_EuPtCl6,-1.409945
CsK_CaZnCl6,-2.0353463
RbK_CoAgCl6,-1.325293
Cs2ZnSrBr6,-1.8005257
CsRbPmTlF6,-2.7371736
CsRbCuLaCl6,-1.5390961
Rb2FePtF6,-2.1451309
K_2TiHgF6,-2.8608556
CsK_V_NiF6,-2.6314855
K_2ZnHgF6,-2.4365325
CsK_V_EuF6,-2.8045578
CsK_CuHgCl6,-1.4040879
Rb2MgTiF6,-3.1865678
Rb2CaV_F6,-3.2411323
CsK_V_PbF6,-2.754016
CsRbHgBiF6,-2.4854474
CsRbMoHgCl6,-1.5278504
CsRbCrCdCl6,-1.6527987
Cs2V_AgF6,-2.7007782
CsK_MgMnF6,-3.0758114
Cs2NaHoCl6,-1.8342558
Rb2TiEuF6,-2.865919
CsRbTbHgF6,-2.5470576
CsRbCoAgF6,-2.2952037
Cs2CoZnF6,-2.5063138
CsRbAgLaCl6,-1.5628003
CsK_SrHgF6,-2.9031563
Cs2CrAgF6,-2.6287744
RbK_FePtF6,-2.1467807
CsRbAgSmBr6,-1.3208759
Cs2NaTlF6,-2.8364625
CsK_AgBiBr6,-1.3028877
CsRbNaPmF6,-2.9272783
CsRbCuSnBr6,-1.2786433
CsRbFeTlF6,-2.6610456
Cs2PdHgBr6,-1.1962535
CsRbFeAuCl6,-1.3152074
Cs2RbTbF6,-2.8478465
Rb2CuLuF6,-2.5073261
Cs2NaTbBr6,-1.5916784
RbK_TiPbCl6,-1.7340256
Cs2MnHgF6,-2.5568922
CsBaNaMgF6,-3.4624398
RbK_CuBiBr6,-1.2374179
CsRbNbHgCl6,-1.603315
CsK_ZnSnCl6,-1.6328957
K_2CaMnF6,-3.193967
CsRbHoTlF6,-2.716181
RbK_CuEuF6,-2.5087352
CsRbLiPrF6,-2.8260555
CsRbCdSnBr6,-1.4162294
Cs2CaCdF6,-3.1405272
CsK_GaAgCl6,-1.5098876
CsK_CoTlCl6,-1.4987087
K_2V_PbF6,-2.7419667
RbK_CuMoF6,-2.4282892
CsK_CuBiBr6,-1.2529026
K_BaNaCrF6,-3.0888677
CsRbNaHoF6,-2.9004807
Cs2NaAuF6,-2.2775335
Cs2SrPdI6,-1.2045577
CsRbCrFeCl6,-1.5051551
Cs2AgCeCl6,-1.5542637
Rb2PdBaF6,-2.6816278
RbK_HgPbF6,-2.452459
CsRbErTlF6,-2.7080023
Cs2AuHgCl6,-1.2722706
K_2ZnCdF6,-2.6445649
Cs2TbHgF6,-2.5564072
Cs2SrCdBr6,-1.8102877
Rb2NaGaF6,-2.967443
K_2NaGaF6,-2.9656293
CsRbCuDyCl6,-1.5482247
RbK_LiCrF6,-2.9782655
Cs2RbErCl6,-1.8872515
Cs2K_GdCl6,-1.861243
RbK_NaTiF6,-3.2307782
Cs2NaAuBr6,-1.236466
RbK_NaLaF6,-2.865983
CsK_NbAuCl6,-1.4173777
CsRbBePdF6,-2.437676
CsRbPdCdCl6,-1.4415691
Cs2AgTmCl6,-1.5836012
CsRbV_TlBr6,-1.5757496
Cs2BaPtF6,-2.617927
Rb2ScTlF6,-3.2870026
CsK_ZnCdCl6,-1.6370701
RbK_CrAgF6,-2.6128502
CsBaMnCuF6,-2.7194276
CsRbSbTlCl6,-1.679198
Cs2ZnEuF6,-2.7444022
Cs2V_SrF6,-3.223376
CsK_LiRuF6,-2.551165
CsRbHgPbF6,-2.470535
CsRbTbAuCl6,-1.4398289
RbBaNaMnF6,-3.130094
Cs2RhHgF6,-2.2469404
Cs2V_SrCl6,-2.1309328
K_2MnSnF6,-2.6820161
Cs2PdHgF6,-2.1431534
CsK_FeHgCl6,-1.4435921
RbK_LiCeF6,-2.7946224
RbK_TiSrCl6,-2.1007552
CsK_CoEuCl6,-1.5214002
CsRbSnEuCl6,-1.6974213
Cs2NaInF6,-2.9533842
CsK_CuTmF6,-2.4934793
Cs2ZnSrCl6,-2.0651908
CsRbLiNbF6,-2.9399323
RbBaFeHgF6,-2.5890222
K_2AuHgF6,-1.9599304
CsRbAgEuF6,-2.5511734
Rb2MgCrF6,-3.004516
Cs2K_EuBr6,-1.6565132
Cs2MnCdF6,-2.687549
RbK_NaCrF6,-3.0004566
Cs2SnPtCl6,-1.420383
CsRbFeCuF6,-2.367004
CsBaCuPbF6,-2.629097
CsRbGaTlCl6,-1.71994
Rb2LiDyF6,-2.941628
Cs2NbTlBr6,-1.5237513
CsRbSmTlF6,-2.6950924
CsRbMgBaBr6,-1.981279
Cs2TiSrF6,-3.2739205
RbBaNaV_F6,-3.1665192
RbK_LiGdF6,-2.8134532
CsK_CuEuCl6,-1.5317103
Cs2K_BiCl6,-1.8123105
K_2CrZnF6,-2.6926959
CsRbScCuF6,-3.0478966
CsRbCrMnF6,-2.6791399
RbK_ScCuF6,-3.048353
CsRbNaLuCl6,-1.8457108
RbK_CdEuF6,-2.688623
CsRbAgSmCl6,-1.5569164
CsRbCoSrF6,-2.9559908
CsRbAgDyBr6,-1.3381375
RbK_AgLuF6,-2.5174768
Cs2FeBaI6,-1.2470205
K_BaLiPdF6,-2.7817016
Cs2FeBaF6,-2.9622674
CsK_ScHgF6,-3.0841203
Cs2CaCrCl6,-2.045856
RbK_CuYbF6,-2.4870477
Rb2NaFeF6,-2.8283734
CsK_NaPrF6,-2.8475606
CsRbZnEuCl6,-1.6990116
CsRbAgNdBr6,-1.3468164
Cs2CrEuF6,-2.730844
CsRbGaHgCl6,-1.5559313
CsK_TiFeF6,-2.712091
CsK_DyHgCl6,-1.5966039
CsRbAgBiCl6,-1.5488007
RbK_NiCdF6,-2.4560645
Rb2ZnEuCl6,-1.6804663
CsRbV_CdCl6,-1.681351
CsRbAsHgCl6,-1.4677002
RbK_NiHgF6,-2.2590744
Cs2PrTlF6,-2.6842494
Cs2K_CrCl6,-1.853956
K_2CrMnF6,-2.7014494
RbBaCrCuF6,-2.6798415
Cs2EuTlF6,-2.7545667
CsK_RbMoCl6,-1.7821888
Rb2LiTlF6,-2.8017578
Rb2LiGdF6,-2.8156643
CsK_RbYbF6,-2.7902317
CsK_NdHgCl6,-1.5991409
CsRbCuLaF6,-2.4817553
Cs2K_TbCl6,-1.8518308
K_2LiTlF6,-2.8052673
K_2SnPtF6,-2.2147737
CsRbNaSmCl6,-1.8183237
Rb2PrHgF6,-2.4921346
RbK_AgYbF6,-2.502719
RbK_NaBiCl6,-1.7795856
Rb2FePbCl6,-1.53458
K_2CoZnF6,-2.5290484
Rb2NaErCl6,-1.824928
CsRbCaPtCl6,-1.7454679
RbK_MnPtCl6,-1.3622913
Cs2PtPbCl6,-1.433577
Rb2TiCdCl6,-1.7355626
Cs2NaTlBr6,-1.6689688
CsBaZnHgF6,-2.6983974
Cs2LiCeBr6,-1.516947
CsK_HgTlF6,-2.4758809
Cs2SrPtBr6,-1.5276257
Cs2AgLuBr6,-1.3487914
Rb2NiTlF6,-2.4582984
CsK_TiV_Cl6,-1.7933676
RbBaMgHgF6,-3.0629706
CsRbAsAgCl6,-1.430166
Cs2BaHgCl6,-1.9709432
CsBaLiMgF6,-3.4750576
Cs2AsHgCl6,-1.4840107
CsK_RbErF6,-2.7972953
CsRbTiEuBr6,-1.5660694
K_2NbHgF6,-2.5557218
Rb2FeSrCl6,-1.9124647
CsRbNaTlBr6,-1.6490571
RbK_MnEuCl6,-1.6863931
Cs2AgSbBr6,-1.2892478
Rb2K_GaCl6,-1.7642953
K_BaNaCuF6,-2.8556967
CsBaNiAgF6,-2.5369313
CsRbPtPbF6,-2.2164407
CsRbAgPrBr6,-1.332165
CsK_AgTbF6,-2.5277705
CsRbCuAsF6,-2.3483272
K_2CoPtF6,-2.075011
CsRbAgLuCl6,-1.5763478
K_2MgPbF6,-3.0390422
Rb2ScHgF6,-3.087657
Cs2CuHoCl6,-1.5421717
CsK_NiCuF6,-2.2819943
CsK_EuHgF6,-2.5549984
CsRbNiCdCl6,-1.5128047
CsRbBeMnF6,-2.8308625
CsK_MnNiF6,-2.5240197
Cs2K_NbF6,-2.942871
RbK_CuTmF6,-2.4981277
Rb2CuTbF6,-2.513056
Rb2CaCrCl6,-2.0052624
RbK_CrHgF6,-2.6296484
Cs2SrPtF6,-2.653689
CsK_NaInCl6,-1.8443224
RbK_CrPbF6,-2.6228824
CsK_TiTlCl6,-1.9016327
CsK_FePtF6,-2.1255107
CsBaFeAgF6,-2.5722194
CsRbCrTlCl6,-1.7577302
Cs2CrCoF6,-2.4700143
CsRbAgEuBr6,-1.3397349
CsBaMnHgF6,-2.7193632
CsRbPdBaF6,-2.6905904
CsRbMgSrF6,-3.490921
CsRbCuZnF6,-2.4386818
K_BaZnAgF6,-2.713066
CsRbNaRhCl6,-1.6297852
CsK_SrEuF6,-3.1648693
Rb2V_EuCl6,-1.7242943
CsRbAgDyCl6,-1.5801789
CsRbSbHgF6,-2.4760845
RbK_AsHgF6,-2.3856883
CsRbNaCrF6,-3.0066214
Rb2EuHgF6,-2.5554118
CsK_CrEuF6,-2.7201364
CsRbNiEuBr6,-1.3128535
Rb2BeEuF6,-2.88175
CsK_MgEuF6,-3.0796046
Cs2NaTiCl6,-2.014864
CsK_CeHgCl6,-1.5564451
K_2LiDyF6,-2.945786
CsK_CuHgF6,-2.1752503
Cs2LiInF6,-2.9206254
K_2LiNbF6,-2.955522
Cs2CoCuF6,-2.283647
CsRbCuHoF6,-2.4958248
CsRbNaNbF6,-2.9513307
CsBaNaCoF6,-2.9234004
CsK_LiErCl6,-1.7882998
Rb2GaHgF6,-2.6005673
RbK_CoCsF6,-2.5975187
CsRbCaPdCl6,-1.8083286
CsRbAlCuF6,-2.9211483
CsK_CuPrCl6,-1.516559
Cs2MgTiF6,-3.1879666
RbK_CuHgF6,-2.174585
Rb2FeSnF6,-2.530018
Rb2FeCdF6,-2.541789
CsRbK_RhCl6,-1.6169975
Cs2CdPbCl6,-1.7088436
CsBaMgCuF6,-3.0268865
CsRbNiAgF6,-2.2542548
CsRbCoTlF6,-2.50176
CsK_CoHgF6,-2.3113716
Cs2K_GaBr6,-1.588094
CsRbCuSrCl6,-1.8534896
RbBaFeCuF6,-2.5974631
CsK_LiErF6,-2.8384383
CsK_CrCuF6,-2.5918493
Cs2TiRbCl6,-2.0161839
RbK_BeCaF6,-3.3132954
Cs2AgSmCl6,-1.5686207
Rb2MnTlF6,-2.75221
Cs2InAuI6,-0.93018687
CsRbAuTlCl6,-1.4090458
K_2CoAgF6,-2.2821662
RbK_BeMnF6,-2.8509173
Cs2GaTlF6,-2.8265038
CsRbCrTlF6,-2.8328063
RbK_TiCdCl6,-1.7202642
RbK_AgLaF6,-2.4950702
Rb2ZnSnCl6,-1.6317809
RbK_MnTlF6,-2.7373097
K_2CrAgF6,-2.6094165
CsK_MgZnF6,-3.0480444
Cs2YbHgCl6,-1.6171745
Cs2HoHgCl6,-1.6077108
CsRbPtHgCl6,-1.3268734
RbK_FeCuF6,-2.3849866
CsRbZnSnF6,-2.6585534
Rb2K_V_F6,-3.0491126
Cs2TiBaF6,-3.2409954
Cs2CaBaF6,-3.5660815
Cs2TiPbCl6,-1.8171562
Rb2CrFeF6,-2.4862056
CsK_CoTlF6,-2.490163
Rb2SrCdF6,-3.0974097
Cs2FeRbCl6,-1.721091
CsK_NiPtF6,-2.0516858
Cs2CuPrF6,-2.464992
Cs2BaPbF6,-3.0798008
K_2AgEuF6,-2.5248163
CsRbV_PtF6,-2.349075
Cs2FeRbBr6,-1.4891971
CsRbAgTbCl6,-1.5813595
CsRbNdHgCl6,-1.6186998
CsK_LiDyCl6,-1.8003645
CsRbTiFeF6,-2.7117722
K_2LiSmF6,-2.8521647
Cs2K_CeCl6,-1.8758695
CsK_SnEuF6,-2.6912665
CsRbV_HgCl6,-1.6392839
Cs2NaMnF6,-2.9171455
CsRbNaTbCl6,-1.8501284
RbK_LiNdCl6,-1.7985525
CsK_AgDyCl6,-1.5662115
CsRbV_SnCl6,-1.67049
CsBaBeK_F6,-3.1872888
Cs2CuSmCl6,-1.5469364
RbK_MgTiF6,-3.191728
Rb2MgSrF6,-3.4923966
CsRbAgBiBr6,-1.3257912
CsRbBeSnF6,-2.8115478
Rb2AgYbF6,-2.5139375
Cs2LiAuF6,-2.2405505
CsRbNaNdCl6,-1.8536354
Cs2RbSbF6,-2.8027751
CsRbCdPbCl6,-1.690353
RbK_ZnSnF6,-2.661832
Rb2NaDyF6,-2.9598155
Cs2EuHgF6,-2.5747867
Cs2CaHgBr6,-1.6842206
CsK_MgHgF6,-2.8019795
Rb2ZnBaF6,-3.0801537
Cs2SnEuBr6,-1.4988496
RbK_LiNdF6,-2.8905497
Cs2CuRbF6,-2.4584446
CsK_CuErCl6,-1.5345808
CsK_PtHgCl6,-1.3081039
CsK_MgSrCl6,-2.2884054
RbK_LiDyF6,-2.9412417
CsRbHgBiCl6,-1.5866134
RbK_CoCdCl6,-1.4655949
Cs2K_TiCl6,-1.9982132
CsRbTmHgCl6,-1.602597
CsK_CoBaF6,-2.885924
CsK_MgPbCl6,-1.8947054
Cs2K_V_Cl6,-1.9003365
CsRbNaTiF6,-3.2366474
Rb2InHgCl6,-1.5976769
CsK_MgNiF6,-2.8436232
Rb2BeBaCl6,-2.0314584
CsRbNaTlCl6,-1.8133312
K_2NiBaF6,-2.8875766
CsRbMnEuF6,-2.7676313
K_2ZnSrF6,-3.1317017
Cs2LuTlCl6,-1.7621772
Cs2NiEuBr6,-1.3390067
Cs2CuAgCl6,-1.3772109
CsK_PdCdCl6,-1.4333127
RbK_CuYbCl6,-1.5171839
Cs2NaSbBr6,-1.5230207
Cs2SrPdCl6,-1.8214035
CsRbLuHgCl6,-1.6125126
CsRbBeEuCl6,-1.7194859
K_2TiCrF6,-2.7764647
CsRbLiDyF6,-2.9380236
CsK_LiPrCl6,-1.7735498
K_2V_FeF6,-2.698684
Cs2ZnEuBr6,-1.4764256
CsK_CaPtF6,-2.6644287
CsRbCrSnF6,-2.5952983
RbK_CoEuCl6,-1.503421
Cs2NaPmCl6,-1.8817381
Cs2K_GdF6,-2.8061895
RbK_MnSnCl6,-1.6024129
RbK_BeCdF6,-2.810299
K_2MgBaF6,-3.4316406
K_2CoCuF6,-2.299512
CsK_NaTbCl6,-1.8378639
Rb2CuNdF6,-2.5176528
Rb2ZnSrCl6,-2.0304277
Cs2SbTlCl6,-1.7078416
Cs2K_V_F6,-3.070166
CsRbAlTlCl6,-1.9295971
Cs2NiPbCl6,-1.5354121
Rb2AgAuF6,-1.9719589
CsK_TiCrCl6,-1.6947544
CsRbCoNiF6,-2.3302252
CsRbNaCrCl6,-1.853007
CsRbAgTmCl6,-1.5717149
K_2RhHgF6,-2.21952
CsK_NiCdCl6,-1.5068586
CsK_PtPbCl6,-1.3888627
RbBaNiHgF6,-2.5523162
Rb2NaCuF6,-2.496614
Cs2AgNdF6,-2.549001
CsK_NiSnF6,-2.4758275
CsRbNiCuF6,-2.2892735
CsRbMgCoF6,-2.8697715
Cs2LaTlF6,-2.7498803
CsK_AlCuF6,-2.9106507
Cs2PtHgBr6,-1.1349715
Rb2LiSmF6,-2.853916
RbK_BePdF6,-2.463945
K_BaNaMgF6,-3.5020192
Cs2K_NbBr6,-1.5969323
CsK_RbNbCl6,-1.8195337
K_2HoHgF6,-2.5134473
CsK_NbTlCl6,-1.7292114
Cs2NaMoCl6,-1.7798593
CsBaV_AgF6,-2.770748
Cs2AgSmBr6,-1.3388036
CsRbCuErF6,-2.4831746
RbBaCoCuF6,-2.5756917
CsK_CuPmCl6,-1.5683458
CsK_RhHgF6,-2.2286928
RbK_SrPdF6,-2.726248
CsK_HgBiCl6,-1.5660324
Cs2AgErF6,-2.5155833
CsRbAlAgF6,-2.966933
K_BaTiCuF6,-2.8518968
RbK_CoHgCl6,-1.3640559
CsRbAgGdF6,-2.475627
CsK_NaSmCl6,-1.8073108
K_2CaCuF6,-2.897496
K_PrLiCuF6,-2.4803698
CsRbNaGdCl6,-1.8129393
CsRbLiCoF6,-2.6567142
Rb2TiHgCl6,-1.705414
Cs2MgCaF6,-3.5190685
K_2AgInF6,-2.5412867
K_2AsTlF6,-2.5681338
CsRbCrCdF6,-2.6429539
CsK_AgPmF6,-2.5418582
CsK_ScTlCl6,-2.0954766
RbK_NiEuF6,-2.524978
Cs2ZnHgBr6,-1.3320664
CsK_V_HgCl6,-1.6230114
K_2GaHgF6,-2.5918689
Cs2AlRbI6,-1.3541572
Cs2K_AsCl6,-1.6979784
Rb2CuCeF6,-2.443149
CsRbRuAgCl6,-1.3365173
Cs2CuCeF6,-2.443541
Cs2FeBaBr6,-1.6623414
Rb2V_PbF6,-2.748327
Cs2AgNdCl6,-1.6046686
CsRbCdEuCl6,-1.7173064
RbK_ZnPtF6,-2.2258215
CsK_MgPtF6,-2.554048
RbK_BeSrF6,-3.2935586
Rb2CuPtF6,-2.0515635
CsRbK_V_Cl6,-1.875173
RbK_LiYbF6,-2.8513196
CsRbNiPtF6,-2.0548043
RbK_NiTlF6,-2.4496298
K_2NiPbF6,-2.4996617
CsK_CuAgF6,-2.165422
Cs2PdPbCl6,-1.4945533
Cs2InTlF6,-2.7847633
K_2LiTmF6,-2.8748155
Cs2AsRbBr6,-1.4738734
Cs2AgYbF6,-2.524284
CsRbCrFeF6,-2.458284
CsK_LiLaCl6,-1.7812243
CsK_PrHgF6,-2.492061
CsK_V_SnF6,-2.7142692
Cs2LaHgCl6,-1.6124027
RbK_MnZnF6,-2.7248878
Cs2NaPrCl6,-1.8343157
RbK_NaTmF6,-2.882096
CsRbNiEuF6,-2.5291486
CsRbAgInBr6,-1.3385427
Rb2CaCoF6,-2.9923723
Rb2MnEuCl6,-1.7016226
RbK_AlCuF6,-2.9236128
CsK_LiBiF6,-2.8160377
K_2MgV_F6,-3.1425095
CsK_NaV_F6,-3.0733118
Rb2AgEuF6,-2.5441976
RbK_TiMnCl6,-1.8251648
CsRbK_SbBr6,-1.5250772
Cs2TmTlCl6,-1.7503166
CsK_V_BaCl6,-2.054706
CsBaNaPtF6,-2.6123025
Rb2AgInF6,-2.5592685
Rb2GaHgCl6,-1.5378155
CsRbNiZnF6,-2.4878287
RbK_GaAgF6,-2.575828
Cs2K_TmBr6,-1.6655562
RbK_AgHoF6,-2.513255
RbK_NaInF6,-2.9403892
RbK_CrCdF6,-2.6439934
CsRbLiInCl6,-1.8113571
Cs2NaTbF6,-2.9151065
CsRbLiTlF6,-2.8002214
CsRbFeSrF6,-3.0084774
Cs2K_DyBr6,-1.656964
CsRbNaBiBr6,-1.555392
Cs2MgCrF6,-2.9622688
Cs2NiSrBr6,-1.6410534
CsRbHgTlF6,-2.4880462
RbK_TiZnF6,-2.8768952
Rb2NaSmF6,-2.873654
Cs2CdPbF6,-2.6484742
CsK_NaErCl6,-1.8259058
CsRbCoSnCl6,-1.4755702
Cs2CuNdF6,-2.5168567
CsK_ScCuF6,-3.0426376
RbK_FeNiF6,-2.4064732
Cs2CuTbCl6,-1.568223
Rb2TiNiF6,-2.72279
K_2MgHgF6,-2.7933192
CsRbFeEuF6,-2.6315174
Cs2MoAgBr6,-1.2890728
Cs2NaLaF6,-2.8913085
RbK_CuGdF6,-2.4430275
CsRbCoAuCl6,-1.2238
CsRbTiAuCl6,-1.5992566
Cs2LiSmF6,-2.852845
K_2NaNbF6,-2.9580388
K_2V_AgF6,-2.6846404
CsRbAgTlF6,-2.4743419
Cs2AgPrCl6,-1.5725807
Cs2PmTlF6,-2.7522917
Cs2HoHgF6,-2.5497348
Cs2YbAuCl6,-1.4406852
CsK_MoHgCl6,-1.511386
CsRbEuHgCl6,-1.6101198
K_2FeCdF6,-2.5346136
CsK_GaAuCl6,-1.3909203
CsK_AgTmF6,-2.522816
RbK_FeHgF6,-2.4290478
Rb2CaPtF6,-2.6734624
CsRbMgPtF6,-2.557949
Rb2CuSrF6,-2.8654377
Rb2SnPtF6,-2.2197201
K_2CuHoF6,-2.484644
CsRbNaTiCl6,-1.997678
Cs2CdSnI6,-1.0871141
RbK_LiLuCl6,-1.7898527
CsRbCuTlCl6,-1.5000751
Cs2DyTlCl6,-1.7910942
RbK_CuBiF6,-2.4278274
RbK_BeBaF6,-3.2523494
Rb2NbAgCl6,-1.5498828
RbK_TiTlF6,-3.0410686
Cs2AgTbBr6,-1.3571343
CsRbZnPbCl6,-1.6715202
Cs2AgErBr6,-1.3439682
CsRbTiEuF6,-2.8757942
CsK_BePbF6,-2.8249016
Cs2FeHgCl6,-1.4723775
CsBaTiCuF6,-2.8411548
CsK_MnSnF6,-2.6836724
Rb2NaErF6,-2.877069
Rb2CuCdF6,-2.4098766
Cs2NaRuF6,-2.5924287
K_2NaRuF6,-2.5616188
Cs2SnPbBr6,-1.4600517
CsK_GaTlCl6,-1.7071359
CsRbLiPrCl6,-1.7848759
CsK_AgLaF6,-2.5021214
CsRbLiYbCl6,-1.7998148
CsRbCaSrF6,-3.6066196
K_BaCaCuF6,-3.1198778
CsK_LiTiF6,-3.202987
Cs2K_EuF6,-2.8916283
K_2V_HgF6,-2.6934552
CsRbAsAgF6,-2.3797708
Cs2RbInCl6,-1.8738228
K_2CuLuF6,-2.4951792
CsRbK_InF6,-2.9042807
Rb2V_PbCl6,-1.6783402
Cs2LiHoF6,-2.873911
CsRbLaHgF6,-2.5212274
Cs2CoCdCl6,-1.496239
CsRbEuPbF6,-2.7156663
CsRbCdPtCl6,-1.3690163
Rb2CuHoF6,-2.498733
RbK_CuDyCl6,-1.5152866
Cs2SbTlBr6,-1.4735838
Rb2V_EuF6,-2.7979598
Rb2NiSrF6,-2.933092
CsK_ZnHgF6,-2.4485717
RbK_NaCuF6,-2.4903312
CsRbCuRhF6,-2.2060509
CsBaTiAgF6,-2.8546486
Rb2FeHgCl6,-1.445425
Cs2GdAuCl6,-1.4237454
RbK_NaYbCl6,-1.8150928
Cs2MnPbBr6,-1.450702
CsRbMoAgBr6,-1.2624938
CsK_LiAlF6,-3.3021247
CsRbLiTbCl6,-1.8141874
RbK_CoPbF6,-2.5012777
CsRbPmHgF6,-2.561627
Rb2AgErF6,-2.5038579
Rb2EuPtCl6,-1.4111043
Rb2CoTlF6,-2.4938076
RbK_ZnSrCl6,-2.0172217
Cs2AgTlF6,-2.4826407
Cs2CdHgF6,-2.4652495
CsK_RhAuCl6,-1.2276949
Rb2MgFeF6,-2.933615
CsRbCuBaCl6,-1.8528254
CsRbMnPbCl6,-1.6815809
Cs2CuHoF6,-2.496834
CsRbInTlCl6,-1.7613837
CsRbTlBiF6,-2.6761222
RbK_LiInF6,-2.9292414
CsRbInTlF6,-2.77115
CsK_AlTlF6,-3.1743975
CsK_BeEuF6,-2.8655255
Cs2AgLuCl6,-1.5880581
Cs2NaLaI6,-1.2628701
Cs2TiCdBr6,-1.494149
CsRbCeHgF6,-2.473938
RbK_CuLaCl6,-1.5150068
RbK_ErHgF6,-2.5028214
Cs2CrCdCl6,-1.6432416
CsRbCuGdF6,-2.4474418
Cs2ScHgCl6,-2.000589
K_2BeSnF6,-2.843751
Cs2CaHgF6,-2.9434054
RbK_LiTbCl6,-1.7931067
CsRbV_CdF6,-2.765854
K_2MnEuF6,-2.7488704
Rb2TbHgF6,-2.5394912
Cs2EuPbCl6,-1.7501581
Cs2K_TlCl6,-1.807695
CsK_NaEuF6,-2.9201963
CsK_TiFeCl6,-1.620795
CsK_LaHgF6,-2.5119119
Cs2CuInF6,-2.5234969
CsK_RhAgF6,-2.210009
CsRbAgSmF6,-2.5101469
CsK_ZnSnF6,-2.6553946
Cs2CuEuF6,-2.5170445
CsRbMnBaCl6,-2.0499654
CsRbNaRhF6,-2.5856786
RbK_V_AuCl6,-1.441087
K_2CuLaF6,-2.4687734
Cs2CoTlCl6,-1.5280828
RbK_CaMnF6,-3.1957083
Cs2NdAuCl6,-1.4643023
Cs2CuSrBr6,-1.6070799
Cs2MgHgF6,-2.813712
CsK_MnAgCl6,-1.5215946
K_BaLiNiF6,-2.995581
CsK_NaV_Cl6,-1.8924301
Cs2MgZnF6,-3.0443244
Rb2FeZnF6,-2.5771303
CsK_ZnEuCl6,-1.6828582
Cs2AgAuBr6,-1.050163
CsRbK_ErF6,-2.8269114
Cs2GaRbF6,-2.957467
RbBaBeHgF6,-2.9003353
RbK_MgCaF6,-3.547481
CsRbV_PbCl6,-1.7115434
RbBaBeNaF6,-3.26287
RbK_GaTlF6,-2.7893295
CsK_NaTbF6,-2.8958569
RbK_CuErF6,-2.4797215
Cs2GaTlCl6,-1.7437859
CsRbNaDyBr6,-1.5698919
Cs2K_TmF6,-2.8644052
Cs2BaEuF6,-3.1397376
Rb2AsAgF6,-2.3760939
Cs2FeAuCl6,-1.330596
Rb2MgBaF6,-3.4364822
CsRbNiSrF6,-2.932012
RbK_FeSrCl6,-1.8977016
CsK_AuHgF6,-1.9713802
Cs2FePbCl6,-1.5773178
Cs2K_PmCl6,-1.9055685
CsRbTmTlF6,-2.725986
Rb2MnAgF6,-2.5419436
Rb2NaAuCl6,-1.4585989
Rb2TiSnF6,-2.7698667
CsRbK_RuCl6,-1.5817949
Rb2NaHoCl6,-1.8105297
CsRbAgPrF6,-2.4912024
K_2TiCdF6,-2.8823464
Cs2LiCeCl6,-1.7802128
Cs2MgHgCl6,-1.7899504
RbK_LiCeCl6,-1.7485422
K_2CrSrF6,-3.065783
CsRbPdHgF6,-2.1353314
RbK_NaPrF6,-2.8421876
RbK_V_CuF6,-2.6879401
RbK_CoCdF6,-2.4712937
Cs2AgPmBr6,-1.3818195
CsK_V_MnF6,-2.813846
RbBaNaPtF6,-2.6321044
CsRbTiEuCl6,-1.8393027
Rb2MnSnF6,-2.6889539
CsRbLiAlF6,-3.2939713
CsK_LiPmF6,-2.8899016
Cs2K_LuF6,-2.8649745
RbK_V_NiF6,-2.632023
CsK_AlTlCl6,-1.9189155
Cs2TiFeF6,-2.713292
Cs2NaSmBr6,-1.6849676
CsRbLiCrF6,-2.9436767
K_2NiCdF6,-2.4532428
CsK_RbRuF6,-2.5307927
Cs2TiNiF6,-2.722662
CsRbLiPmF6,-2.9001307
CsK_CdEuF6,-2.6982884
CsRbV_NiF6,-2.6309896
Rb2PtHgF6,-2.0311365
K_2CaCrF6,-3.1178415
Cs2NaNdCl6,-1.869428
Cs2AgEuCl6,-1.5913873
Cs2LuHgF6,-2.549575
Cs2TiAgCl6,-1.7394578
CsRbLiSmF6,-2.8492484
Rb2LiTbF6,-2.8781965
CsRbCoHgF6,-2.3226783
Cs2LiLaBr6,-1.5428233
Rb2NaTlCl6,-1.8033955
RbK_CuNdCl6,-1.5108435
K_2CoPbF6,-2.4961863
Rb2CuSmF6,-2.479276
Rb2NaTbF6,-2.904224
RbK_MnFeF6,-2.6043499
Rb2NaLaF6,-2.877315
Rb2AgLuF6,-2.5279584
Cs2SbTlF6,-2.682111
RbK_AgErF6,-2.4933028
Cs2AgHoBr6,-1.3392819
Rb2MnFeF6,-2.604684
RbK_MnAgCl6,-1.5104215
CsK_V_CuF6,-2.673365
CsK_AgHoF6,-2.5181816
CsRbCuTbCl6,-1.5601189
CsRbV_AgCl6,-1.6115471
Rb2K_LuF6,-2.8394513
Cs2CrMnF6,-2.673631
CsRbTiCoF6,-2.681941
CsRbCaMnCl6,-2.0634305
CsRbTiV_F6,-2.9025376
Cs2LiErF6,-2.8493829
K_2V_CdF6,-2.7473311
CsK_FeCuF6,-2.3608022
Cs2NiHgCl6,-1.4173838
Cs2CoEuCl6,-1.5528357
CsRbCdEuBr6,-1.4662877
CsRbNbAgCl6,-1.5649756
CsRbCuBiF6,-2.432033
CsRbSnPtCl6,-1.4024657
Rb2AgNdF6,-2.5354838
RbBaLiCdF6,-3.0896852
RbK_GdHgF6,-2.4699442
CsK_ZnPdCl6,-1.4233598
Cs2RbLuCl6,-1.8796375
Cs2EuHgCl6,-1.6281824
CsK_SnPtF6,-2.2124555
Cs2NiPbBr6,-1.2980453
Rb2AgAuCl6,-1.2197534
CsRbNiHgF6,-2.267478
CsRbK_NbF6,-2.9271216
CsK_AgBiCl6,-1.531833
CsRbV_FeCl6,-1.5571285
Cs2K_SmBr6,-1.6808512
CsK_CaHgF6,-2.9250357
Rb2CrSnCl6,-1.595598
CsRbK_NiF6,-2.5741591
RbK_CuBiCl6,-1.457355
Cs2AsTlI6,-1.0052776
CsRbK_SmCl6,-1.865251
Cs2K_TbBr6,-1.6866945
Cs2CrHgF6,-2.6494725
CsRbTiPbBr6,-1.530117
CsRbNiCdF6,-2.451449
RbK_MgFeF6,-2.9457436
CsK_RbRuCl6,-1.5834038
Cs2SrSnF6,-3.0898213
Cs2MnAgF6,-2.5443978
CsRbCaMnF6,-3.1955924
CsRbLiSmCl6,-1.7834508
CsK_NaHoF6,-2.8884335
CsK_HgPbCl6,-1.5482591
CsK_CaHgCl6,-1.9115598
CsK_CrPtF6,-2.2627213
CsRbNaSmF6,-2.8783278
Cs2CrNiF6,-2.472968
RbBaBeTlF6,-3.039621
CsK_CuLaCl6,-1.5255822
CsRbCoSrCl6,-1.8737606
CsRbCrCoF6,-2.4786448
Cs2NiTlF6,-2.4724245
CsRbNaGaCl6,-1.8009437
Cs2CuPbF6,-2.429587
Rb2NaNdF6,-2.9144406
CsK_TiMnF6,-2.9012718
CsRbLuAuCl6,-1.4368228
Cs2CaHgCl6,-1.9389454
CsK_CaCrCl6,-2.0117457
RbK_NaAlF6,-3.3654258
Cs2K_TlF6,-2.801343
CsRbCrTlBr6,-1.4673789
CsK_CaPdCl6,-1.7931074
Rb2RuAgCl6,-1.3219999
RbK_NaInCl6,-1.8307673
Cs2V_MnF6,-2.8217373
CsK_MgCoF6,-2.8659875
CsK_NaLuF6,-2.8920803
CsRbZnPbF6,-2.673495
K_2TiV_F6,-2.8417416
CsK_TiSrCl6,-2.1350925
Rb2NaV_F6,-3.0887067
CsRbZnHgF6,-2.489456
CsRbCaV_Cl6,-2.097197
Rb2CaHgF6,-2.9223435
CsRbAlAuCl6,-1.5938954
K_2TmHgF6,-2.5195303
Cs2MnSnBr6,-1.4258904
CsRbYbTlF6,-2.705215
Rb2V_BaF6,-3.1343217
Cs2PtPbBr6,-1.2253668
Cs2NiBaF6,-2.8818784
Rb2AlHgF6,-2.9880173
Cs2NdHgCl6,-1.6374042
CsK_MgV_F6,-3.142311
CsRbCaSrCl6,-2.465973
Cs2RbTlCl6,-1.8622596
RbK_CuTbF6,-2.5053167
CsRbCuTlF6,-2.4408932
CsK_TiSrF6,-3.2627761
Rb2CuEuF6,-2.515447
Cs2CuPmCl6,-1.5909641
Cs2RbYbF6,-2.8181167
K_2NaAuF6,-2.2498
RbK_LiPrF6,-2.8289707
CsRbPdSnBr6,-1.2389867
RbK_CoSrCl6,-1.846133
Cs2SnHgI6,-0.9998428
Rb2TiAgCl6,-1.6995538
CsK_NaRhF6,-2.5764623
Cs2AsRbI6,-1.1292872
CsK_CuErF6,-2.475053
RbK_FeEuF6,-2.6222134
CsRbAgSbCl6,-1.4963582
RbK_NaMnF6,-2.9087307
Cs2CaCoF6,-2.9819376
RbK_CoEuF6,-2.5515738
Cs2AgCeF6,-2.4736476
CsRbNaTmBr6,-1.550517
CsRbNaAsF6,-2.7642655
CsK_InHgCl6,-1.5987415
Cs2NaInBr6,-1.5910313
Cs2RhAgBr6,-1.1819526
CsRbK_DyF6,-2.9069266
Cs2ScAgCl6,-1.979935
Cs2V_TlBr6,-1.596835
CsRbNiSnCl6,-1.4986365
K_2NaTlF6,-2.80106
Cs2NaHoBr6,-1.5649891
Cs2NaDyF6,-2.968552
CsK_CuBiCl6,-1.4912496
CsRbK_ScBr6,-1.9636631
RbK_LiEuCl6,-1.783219
CsK_CuRbF6,-2.43757
CsK_CdPbF6,-2.6319816
CsK_HoTlF6,-2.7053204
Rb2NaMnF6,-2.9160268
K_2AsHgF6,-2.3802848
CsK_HoHgCl6,-1.5767946
K_2NaMnF6,-2.9228926
Cs2AsTlCl6,-1.630974
Cs2FeAgCl6,-1.4514683
CsK_BeSnCl6,-1.6286094
CsRbGaHgF6,-2.607082
RbK_LiRuF6,-2.5607994
K_2NaPrF6,-2.8321435
Cs2HoTlF6,-2.730519
Cs2RuTlCl6,-1.5387795
RbK_SnPtCl6,-1.3647352
RbK_ZnSnCl6,-1.6183739
Rb2K_NbF6,-2.914657
CsRbSrCdCl6,-2.0662942
K_2CuPmF6,-2.5082908
CsK_PdBaCl6,-1.7744722
Cs2NiPtF6,-2.0436013
CsK_TiHgCl6,-1.7131233
CsK_EuPtF6,-2.268381
Cs2NaDyCl6,-1.8626868
CsK_V_TlCl6,-1.7818489
Cs2BeEuF6,-2.86925
CsK_FeHgF6,-2.4350944
CsRbNaBiF6,-2.8518944
Rb2CuHgF6,-2.1822445
RbK_TiMnF6,-2.8998399
RbK_NiPbF6,-2.5005746
Cs2K_MoCl6,-1.790035
Cs2ZnSrF6,-3.1451411
Rb2NiSnCl6,-1.4848745
K_2CuHgF6,-2.1679573
Cs2LiLaCl6,-1.8027909
CsK_MnPtF6,-2.241726
CsK_AlHgF6,-2.9757671
RbK_EuPtCl6,-1.386813
CsRbLiTbF6,-2.8741484
K_2CaPdF6,-2.7596068
K_2AgTbF6,-2.5126612
CsRbMgFeF6,-2.9108982
Cs2TiRbF6,-3.2004936
Cs2CuTlF6,-2.443383
Rb2NiEuF6,-2.5282679
Cs2K_TiI6,-1.2260511
RbK_MgNiF6,-2.8675194
RbK_LiErF6,-2.849933
Rb2SrPdF6,-2.731811
RbK_NaErCl6,-1.8121157
CsK_NaAsCl6,-1.6855303
CsRbCdPbF6,-2.6398902
K_2V_EuF6,-2.7893767
Cs2ScHgF6,-3.0973628
Cs2MnNiF6,-2.5225685
CsK_SrSnF6,-3.075229
Cs2NaBiBr6,-1.5797822
CsRbCoZnF6,-2.5122108
Cs2AsHgF6,-2.408154
RbK_CuBaF6,-2.7993245
Rb2MgCoF6,-2.8861465
CsK_LiMoF6,-2.8352828
Rb2CaTiCl6,-2.1154072
Cs2YbTlF6,-2.7186856
Cs2AlAuCl6,-1.6106341
CsRbMnSrCl6,-2.0688508
CsK_CuAsF6,-2.3422396
Cs2K_GaCl6,-1.809284
CsRbCuBaBr6,-1.6024923
CsRbTiPbF6,-2.823325
CsK_AuTlCl6,-1.3935463
CsRbPrHgF6,-2.501171
CsK_FeEuF6,-2.6248486
CsK_LiTbCl6,-1.8035206
Cs2SrCdF6,-3.117638
Rb2PtPbF6,-2.2171254
CsK_LiGaF6,-2.9397674
CsRbK_ScCl6,-2.2066605
Rb2NaHoF6,-2.897488
Cs2V_CdF6,-2.7745738
Cs2NaErCl6,-1.8502247
K_2CrHgF6,-2.626252
Cs2V_EuF6,-2.8203673
RbK_NiCsF6,-2.5578818
Rb2PdCdF6,-2.277649
CsK_TiAuCl6,-1.5805304
Cs2NaNiF6,-2.5979877
Cs2NaGdF6,-2.8496556
Cs2TiAgF6,-2.8676884
CsK_MoTlF6,-2.6934745
CsRbMgPdCl6,-1.6722921
CsRbK_AsCl6,-1.6771238
RbK_V_HgCl6,-1.6031053
CsK_MgTiCl6,-1.9745696
CsK_CuTlCl6,-1.4978998
CsRbAgPmCl6,-1.6024672
Cs2CaEuBr6,-1.86881
CsRbCaCdF6,-3.1352522
CsRbRuTlF6,-2.4447784
CsK_MnCuF6,-2.5083356
Cs2CuBaCl6,-1.8719927
CsK_AgPrF6,-2.4810505
Cs2CaCdBr6,-1.7982115
Cs2NaYbBr6,-1.570665
CsK_CdEuCl6,-1.699544
CsK_MoAgCl6,-1.470615
K_2TiAgF6,-2.8497586
K_2AgHoF6,-2.5029573
CsRbSmHgF6,-2.5199838
K_2FeSrF6,-2.996803
CsPrNaCuF6,-2.4883115
Cs2AgPmF6,-2.5601172
CsRbK_TbCl6,-1.8297907
Cs2FeSnF6,-2.5254889
RbK_CdHgF6,-2.4299903
Rb2CdHgF6,-2.4402385
Cs2CrSrCl6,-2.0537457
Rb2NbHgCl6,-1.5854063
CsRbErAuCl6,-1.4252113
CsRbBeCaF6,-3.2869887
Rb2CaSrF6,-3.5981991
Rb2CuLaCl6,-1.5284073
CsRbErHgF6,-2.5197415
K_2MnCdF6,-2.6719365
Cs2MgFeF6,-2.901132
CsRbAgErCl6,-1.5678468
K_2MgSrF6,-3.4945464
K_2NaGdF6,-2.817105
Rb2CoSnCl6,-1.4623098
Cs2FeHgF6,-2.4533174
CsK_LiHoF6,-2.862684
Rb2CaCdCl6,-2.048321
RbK_NaFeCl6,-1.6908315
CsK_V_HgF6,-2.6979759
CsK_NaGaF6,-2.9634058
CsK_AgGdCl6,-1.5353792
CsK_MgPdCl6,-1.659881
CsRbFeHgCl6,-1.4586501
Cs2CdEuF6,-2.7177114
Cs2GdHgCl6,-1.6061462
CsRbEuPtBr6,-1.2292875
CsK_AgGdF6,-2.4646463
K_BaNaPdF6,-2.7089486
CsRbNaHoBr6,-1.5469723
RbK_CaPtCl6,-1.7114127
K_2AlAgF6,-2.9626646
CsRbV_CuF6,-2.680572
RbK_LiTmF6,-2.8662105
Rb2TiPbF6,-2.8153853
CsRbK_GdCl6,-1.8391918
CsRbPdSnF6,-2.3135362
Cs2ErAuCl6,-1.4356272
RbBaNaTiF6,-3.2281156
RbK_CrPbCl6,-1.613048
K_2FeZnF6,-2.5928845
CsRbCuNdF6,-2.515819
CsRbCaZnF6,-3.166129
CsK_LiNdF6,-2.8777523
CsRbCdBaF6,-3.0662427
RbK_CuPbCl6,-1.4818212
CsK_AgPmCl6,-1.587641
RbBaLiPdF6,-2.7553878
Rb2NiCdF6,-2.4602535
CsRbCuTmF6,-2.5031629
RbK_CuAgF6,-2.1770194
Rb2ScCuF6,-3.051139
Cs2ErHgCl6,-1.623853
Cs2ZnSnF6,-2.6584177
Cs2TiSnBr6,-1.5398695
Cs2NiSnF6,-2.4737668
Cs2K_ErCl6,-1.837498
CsK_NaTmF6,-2.8823028
RbK_NaNdCl6,-1.8223684
Cs2CaBaCl6,-2.4282265
CsRbLiYbF6,-2.8494778
Cs2LiGdF6,-2.813892
Cs2LiNdCl6,-1.8355694
RbK_NaErF6,-2.8664012
Rb2FeCuF6,-2.384144
CsRbAgYbF6,-2.5179362
Cs2K_DyF6,-2.92057
RbK_ScHgF6,-3.081388
Cs2LiPrF6,-2.8303528
Rb2RhHgF6,-2.2309198
Rb2ZnPtF6,-2.2245955
CsRbLuTlF6,-2.7254133
RbK_CaCrF6,-3.111305
K_2NiEuF6,-2.5227358
Rb2MoAgF6,-2.4619918
CsK_CaCoCl6,-1.8604158
CsRbCrCuF6,-2.59918
Rb2NaYbF6,-2.874974
Cs2TiV_F6,-2.9288087
CsK_RbLuF6,-2.8170595
CsK_HoHgF6,-2.530028
RbK_CrMnCl6,-1.59889
CsRbCuMoF6,-2.4254005
RbK_GaAgCl6,-1.493397
RbBaBeK_F6,-3.1978621
CsRbNaPrCl6,-1.8204384
Cs2FeHgBr6,-1.2364151
Cs2K_EuCl6,-1.868705
CsK_CuPrF6,-2.4557354
Cs2PdHgCl6,-1.4007428
Cs2MgSrF6,-3.4932137
K_2CuNdF6,-2.506134
Cs2PmHgF6,-2.5715628
K_2FeSnF6,-2.528307
K_2NaYbF6,-2.8544831
RbK_MnHgF6,-2.5444043
CsRbAlK_Br6,-1.7349169
CsK_TiTlF6,-3.0517457
CsK_TiEuCl6,-1.8231179
K_2AlTlF6,-3.155616
CsK_NaBiBr6,-1.5324352
RbK_AgHoCl6,-1.532861
Cs2SrPbCl6,-2.0613675
CsRbGaAuCl6,-1.4102741
CsBaV_CuF6,-2.7492118
CsK_LiHoCl6,-1.7762911
Rb2ZnSnF6,-2.663213
K_2CdHgF6,-2.4201884
Cs2K_LuBr6,-1.6625665
CsRbCuYbF6,-2.490669
CsRbAsTlF6,-2.6042705
CsRbFeHgF6,-2.4455686
CsRbLiBiCl6,-1.7746687
Cs2K_ScF6,-3.452053
RbK_TiHgF6,-2.8629932
CsK_MgCdF6,-3.018006
CsRbPmHgCl6,-1.6405535
CsRbFeAgCl6,-1.4368044
CsK_BeTiF6,-2.982965
Cs2CrCdF6,-2.6447468
RbK_CoHgF6,-2.2781532
Cs2CaMnCl6,-2.073901
Rb2CoPbF6,-2.5070894
Rb2PdHgCl6,-1.3787982
Cs2AsAuCl6,-1.3228189
CsRbNaSbF6,-2.8437786
CsK_CaSrCl6,-2.4486458
Rb2AuHgF6,-1.9812462
Cs2AgPrBr6,-1.3519933
CsRbK_CuF6,-2.4664237
RbK_CaEuF6,-3.1866632
Cs2AgHoCl6,-1.5713929
CsRbInAuCl6,-1.4463907
CsRbLiLaF6,-2.8523686
CsK_CoEuF6,-2.5521019
RbK_CaTiCl6,-2.1007748
Rb2AsAuCl6,-1.2928842
Cs2K_NdCl6,-1.8952411
Cs2NbAgF6,-2.5650966
CsRbNbAgF6,-2.5561323
RbBaMnCuF6,-2.7407966
CsK_MnCdCl6,-1.6618478
RbK_FeSnCl6,-1.4933405
CsRbAgAuCl6,-1.2269951
K_2NaScF6,-3.48124
CsRbSrPdF6,-2.7356524
Cs2AgTbF6,-2.5462809
RbK_ZnPbCl6,-1.6381086
K_2MgPdF6,-2.680334
Cs2LiTbF6,-2.8758314
Rb2RhAgCl6,-1.3542699
Cs2ZnSnCl6,-1.6615984
RbK_ZnBaF6,-3.0776076
Cs2K_PmF6,-2.8820767
CsK_MgCaF6,-3.5289848
CsRbMnSrF6,-3.1641471
CsRbAgYbCl6,-1.5726889
CsRbNaErF6,-2.879881
K_2LiPrF6,-2.8279986
CsRbNaMoF6,-2.8643823
CsBaNaZnF6,-3.1030474
Cs2V_AgBr6,-1.3675331
RbK_MnEuF6,-2.7555008
CsRbCaCrF6,-3.1027372
Cs2NiSrF6,-2.9336836
CsBaLiNiF6,-2.9329185
RbK_CoBaF6,-2.8796582
CsK_CrTlF6,-2.8202105
CsK_NaPrCl6,-1.8075273
RbK_MgEuCl6,-1.9034901
CsRbMgPbCl6,-1.909087
Rb2PdPtF6,-1.9406773
CsBaBeHgF6,-2.868838
CsK_MnBaCl6,-2.0352323
Cs2CuYbF6,-2.4905446
CsK_CuTbCl6,-1.54729
CsK_RuHgF6,-2.2162995
CsRbTiPtF6,-2.5258734
CsRbCrEuF6,-2.7243402
RbK_LiSmCl6,-1.7640483
CsK_CaV_Cl6,-2.0789082
CsRbK_SmF6,-2.8211887
Cs2K_YbF6,-2.8385832
Rb2NaTmCl6,-1.8226128
Cs2NaErBr6,-1.5777961
Rb2CuDyF6,-2.5484896
CsK_NbHgCl6,-1.586757
Rb2CrEuCl6,-1.6726853
CsRbInHgF6,-2.5799465
CsBaLiV_F6,-3.1894393
Cs2PdPtF6,-1.9143159
CsRbMgSnCl6,-1.8770164
CsK_RuTlF6,-2.429904
Cs2AlK_F6,-3.3538938
K_2BePbF6,-2.842811
CsK_NiSrF6,-2.9270086
CsRbCuPbCl6,-1.5113143
Cs2HgPbCl6,-1.5847433
CsK_NiTlF6,-2.4550443
RbK_PrHgF6,-2.4832523
CsRbAgAuF6,-1.9715837
CsK_CdBaF6,-3.058752
CsRbCrSnCl6,-1.6171929
CsK_FeZnF6,-2.558661
CsK_V_PbCl6,-1.6878471
CsRbCaHgF6,-2.9324627
Cs2V_ZnF6,-2.774087
CsRbMgHgCl6,-1.7792594
CsK_TiBaF6,-3.2050242
RbK_AgTmCl6,-1.5450575
Cs2SmAuCl6,-1.4248942
CsRbCaNiF6,-2.9608865
CsK_RuHgCl6,-1.3601606
K_2NaNdF6,-2.89465
Cs2FeEuCl6,-1.6192265
CsK_CrPbCl6,-1.639602
Cs2CaEuCl6,-2.1232703
CsRbTiBaCl6,-2.123797
CsK_ZnPdF6,-2.3085275
CsBaNaNiF6,-2.910572
CsK_CuHoF6,-2.4872668
Cs2RbPrF6,-2.8327613
RbK_BeEuF6,-2.8781242
CsRbTiTlCl6,-1.9114666
Cs2DyHgF6,-2.5997238
RbK_NaHoCl6,-1.798927
K_2CuSnF6,-2.4437265
CsRbCuCeCl6,-1.5233228
Cs2SrBaF6,-3.5553691
CsK_CuSmCl6,-1.525109
CsK_V_ZnF6,-2.7984786
CsRbLiSbF6,-2.8171387
CsRbK_MnF6,-2.888794
Cs2CoPbCl6,-1.510912
RbK_PdPbF6,-2.31568
Cs2TiSrCl6,-2.1817641
CsK_NaTlF6,-2.8147213
CsPrLiCuF6,-2.4608147
CsRbEuHgF6,-2.5643747
Cs2GaHgCl6,-1.5742356
CsRbK_SbF6,-2.8033962
CsRbCoEuCl6,-1.5359756
CsRbK_TiCl6,-1.9709437
CsK_TmAuCl6,-1.4188602
Cs2SnHgBr6,-1.355877
CsRbAgTmF6,-2.535421
CsRbCuLuCl6,-1.5538886
K_2PdPbF6,-2.3115425
RbK_MoAgF6,-2.45364
CsRbK_HoCl6,-1.7994425
RbK_AgDyF6,-2.5657368
CsK_ErHgCl6,-1.5904531
K_2AgLuF6,-2.5079277
RbK_V_EuCl6,-1.7010514
CsRbAgTbBr6,-1.3380604
K_2FeHgF6,-2.4195178
RbK_AsCsF6,-2.707025
CsK_CaZnF6,-3.1651435
Cs2AgBiBr6,-1.3493141
Cs2SnPtBr6,-1.201935
CsRbCoCdF6,-2.4726963
RbK_MnHgCl6,-1.5408906
Rb2PdCdCl6,-1.4245397
K_2NaHoF6,-2.876703
Cs2RhTlBr6,-1.3734591
Rb2CuCsF6,-2.4567277
RbK_CoSnCl6,-1.4489447
CsK_CuInF6,-2.519087
RbK_MoHgCl6,-1.491369
Rb2RuAgF6,-2.199813
RbK_CeHgF6,-2.4554954
Rb2K_AsCl6,-1.6551354
CsK_CdPtCl6,-1.357273
CsK_SnHgF6,-2.4522026
Cs2K_NbCl6,-1.8483841
CsBaZnAgF6,-2.6950479
CsRbHoHgCl6,-1.5930812
RbBaCuHgF6,-2.4983718
Cs2K_InBr6,-1.6418092
RbK_CrAuCl6,-1.412028
CsK_CuCeF6,-2.43358
Cs2EuPtF6,-2.2824159
CsRbAgNdF6,-2.5415146
K_2LiPmF6,-2.9056025
Cs2NaCrF6,-3.0077717
Cs2ScTlF6,-3.3118432
CsK_CdHgF6,-2.4420302
RbK_NiAgF6,-2.2519436
Cs2TiCuF6,-2.8425212
CsK_RbTmF6,-2.8146493
CsK_LiLuF6,-2.86524
RbK_LiErCl6,-1.7781391
Rb2CdPbF6,-2.6325161
Cs2NaAuCl6,-1.4669211
CsK_SbTlF6,-2.6564457
CsRbFeBaBr6,-1.6408207
CsK_CuNdCl6,-1.543958
CsK_CrRbCl6,-1.8271128
Cs2NiRbF6,-2.576373
CsRbFeEuBr6,-1.3481932
Rb2MnCoF6,-2.5541897
RbK_NaDyF6,-2.9507585
Rb2CaTiF6,-3.2957644
Ba2NaCuF6,-3.0708928
CsK_SrPtCl6,-1.7185915
RbK_SrPtCl6,-1.6964607
K_2ZnEuF6,-2.7259154
Rb2HoHgF6,-2.5330217
Rb2NaCeF6,-2.8236022
Cs2ErTlCl6,-1.7605257
Rb2NaLuF6,-2.901951
Cs2AlTlCl6,-1.9506756
Cs2AgGdBr6,-1.3356347
Cs2SrHgF6,-2.9244053
RbK_CrSrCl6,-1.9862335
Cs2NaTmCl6,-1.8458879
RbK_AgSmF6,-2.4926114
Cs2TiZnF6,-2.8676448
CsRbAgPmF6,-2.552072
RbK_LiNiF6,-2.6246448
Cs2MgBaF6,-3.4491134
CsK_LiNbF6,-2.9370408
CsRbK_TmF6,-2.8507903
CsK_CuRuF6,-2.1869435
CsRbCdHgCl6,-1.5696139
RbK_AlTlF6,-3.167503
CsRbCaCoF6,-2.9844327
Rb2CuLaF6,-2.4824405
Cs2RbTlF6,-2.7847743
Cs2RbDyF6,-2.893188
Cs2MnCdBr6,-1.4339135
Cs2AgErCl6,-1.5804412
CsRbRuAuCl6,-1.2171507
CsK_AsTlF6,-2.5917804
Cs2TiHgCl6,-1.7502367
CsK_NaFeF6,-2.8211792
Rb2NaCrF6,-3.0047522
K_BaLiCuF6,-2.9117527
CsK_ErHgF6,-2.5094643
CsK_MgBaCl6,-2.2926435
Cs2CaV_Cl6,-2.1252205
CsRbFeSnBr6,-1.2686503
Cs2PrAuCl6,-1.4299911
CsK_NaRuCl6,-1.5848094
RbK_FeHgCl6,-1.4304357
Cs2EuPtBr6,-1.2609029
Cs2AgDyBr6,-1.3586668
Cs2CuErF6,-2.4835615
Cs2FeEuBr6,-1.3802259
K_BaBeAgF6,-2.9033537
Cs2RbSbCl6,-1.7520759
CsK_FeTlCl6,-1.5942818
K_2NaEuF6,-2.9069545
Cs2SrHgBr6,-1.6954873
Cs2MoTlF6,-2.7195058
RbK_MgHgF6,-2.7994783
Cs2CaSnBr6,-1.8004341
K_2V_ZnF6,-2.796271
Cs2FeTlBr6,-1.4116905
Cs2V_EuCl6,-1.7916511
CsRbV_TlCl6,-1.7970116
CsK_LiCeF6,-2.783042
CsK_NaCoF6,-2.6473856
Cs2LaAuCl6,-1.4346639
Cs2CuNbF6,-2.5132356
Cs2SrSnBr6,-1.7789015
Cs2AgEuBr6,-1.3608595
CsK_CaBaF6,-3.5498517
CsK_PtPbF6,-2.2101924
CsK_BeMnF6,-2.8254533
Rb2NiEuCl6,-1.531741
Cs2CoTlF6,-2.526597
Rb2PtPbCl6,-1.3914107
Rb2CoBaF6,-2.886498
RbK_NaMnCl6,-1.7938502
CsK_AgErCl6,-1.5531062
CsK_LiPrF6,-2.8164217
RbPrLiCuF6,-2.4871173
RbK_CrSrF6,-3.0678961
Rb2MnHgF6,-2.552584
Rb2InHgF6,-2.573212
Cs2NaCeBr6,-1.6684666
Cs2CuRbCl6,-1.5788015
Cs2CrBaF6,-3.0431514
Cs2SnPtF6,-2.2185106
RbK_AgTlCl6,-1.5244142
Cs2TiBaCl6,-2.162423
RbK_NaNbF6,-2.9596133
CsRbK_V_Br6,-1.6512635
CsK_MnTlCl6,-1.6775386
RbK_V_SnCl6,-1.6164051
Cs2AgSbF6,-2.4632576
Cs2AgGdCl6,-1.564303
CsK_AgLuCl6,-1.5625784
CsRbScHgCl6,-1.979255
CsRbCaHgCl6,-1.9253708
CsK_BaHgF6,-2.8725064
RbK_GaHgCl6,-1.5217
CsRbMoHgF6,-2.4857807
CsRbV_CrCl6,-1.6507113
CsRbCaPbF6,-3.1395345
CsRbAsTlCl6,-1.6085294
RbK_EuHgF6,-2.5462184
RbK_CuLaF6,-2.4751391
CsRbCrPtCl6,-1.3446383
CsRbK_CoF6,-2.63301
K_2CoBaF6,-2.8735433
CsK_AgInCl6,-1.5664756
CsK_PdHgCl6,-1.3728783
Rb2CaZnF6,-3.1734614
RbK_CuPmCl6,-1.5096475
RbK_CuPmF6,-2.5139563
CsRbMnHgCl6,-1.5697192
CsBaLiZnF6,-3.1180468
CsRbCoPbF6,-2.5040982
CsRbCaV_F6,-3.2474773
CsK_CrHgCl6,-1.57426
CsRbCdPtF6,-2.1598651
RbK_CaCuF6,-2.8967202
CsRbAuHgF6,-1.9832461
CsK_CaNiF6,-2.9588819
Cs2FeCoF6,-2.3852267
CsRbInHgCl6,-1.6148255
Cs2CdBaBr6,-1.8383052
Cs2V_AuCl6,-1.4930209
RbK_FePbCl6,-1.516614
RbK_PdHgCl6,-1.3625729
RbK_SnPtF6,-2.216697
K_2MgSnF6,-3.0280392
CsRbLiNdCl6,-1.8234504
Cs2RuAuCl6,-1.231158
CsRbAgEuCl6,-1.5765369
RbK_LiMoF6,-2.8470733
CsRbScTlCl6,-2.115332
Cs2NaYbF6,-2.882834
Rb2K_NiF6,-2.5699146
K_2LiGdF6,-2.8161983
Rb2CrPtF6,-2.277494
RbK_LiMnF6,-2.9160094
CsRbSrPtCl6,-1.7394474
CsK_YbAuCl6,-1.4173357
Rb2MoTlF6,-2.690597
CsRbMoTlCl6,-1.7025928
Cs2LiTbCl6,-1.8240483
CsRbAgGdCl6,-1.5508338
Cs2AlK_Br6,-1.760294
CsK_ScHgCl6,-1.9613584
K_2FePtF6,-2.1524215
Cs2AgTlCl6,-1.5605859
Cs2LiCeF6,-2.7982268
CsRbNaGdF6,-2.8423553
CsK_MnFeF6,-2.5896726
CsRbBePbCl6,-1.66034
K_2LiEuF6,-2.907349
Cs2LaHgF6,-2.53148
Cs2K_ScCl6,-2.2347922
CsRbNaNbCl6,-1.8417823
Cs2CrZnF6,-2.637223
RbK_TiEuF6,-2.8654208
Cs2RbNdF6,-2.847269
RbK_NaDyCl6,-1.8223788
CsRbLiErCl6,-1.7991302
Cs2HgPbF6,-2.482862
CsRbAgTlCl6,-1.5495325
CsRbNaCeBr6,-1.6483856
Cs2EuPbF6,-2.7265942
CsRbTiV_Cl6,-1.8103373
CsBaNaCrF6,-3.0695872
K_2NaTbF6,-2.882324
K_BaLiCdF6,-3.098813
Cs2NaEuF6,-2.9382873
CsBaLiPbF6,-3.0683837
RbK_AlCsF6,-3.287538
RbK_LiYbCl6,-1.782711
Cs2K_SmF6,-2.835747
CsBaLiCuF6,-2.8494
K_2RhAgF6,-2.2031803
Cs2NaLuCl6,-1.8569374
CsRbNaSmBr6,-1.6643473
RbK_V_CrF6,-2.720635
Cs2CuLaCl6,-1.5500425
Cs2DyTlF6,-2.7820203
CsK_V_MnCl6,-1.6724088
Rb2NaAuF6,-2.2752967
Cs2EuAuCl6,-1.4535071
K_2FeAgF6,-2.4224916
CsK_RbSbF6,-2.7743104
Cs2FeSnBr6,-1.2961171
CsRbV_SrF6,-3.2116103
K_BaNiHgF6,-2.559335
RbK_ZnCdCl6,-1.6204445
Rb2MnZnF6,-2.726512
CsK_LiEuCl6,-1.7954109
K_2NaSmF6,-2.851033
CsK_GaHgF6,-2.598886
CsRbNdHgF6,-2.5513809
RbK_CuEuCl6,-1.5082071
Cs2RbSbBr6,-1.5534036
RbK_HgTlCl6,-1.5533975
Cs2K_RhCl6,-1.6370443
CsBaV_HgF6,-2.7659478
RbK_AlHgF6,-2.9828436
CsRbK_PrF6,-2.8032033
CsK_CuYbF6,-2.4817932
CsK_MgEuCl6,-1.9240679
Cs2NaEuBr6,-1.5899967
RbK_CaHgF6,-2.9150403
CsK_RhAgCl6,-1.3509568
Cs2GaRbBr6,-1.4942759
Cs2HoTlCl6,-1.7834151
Cs2NaHoF6,-2.9069574
Rb2NaEuCl6,-1.8259805
Cs2MgCoF6,-2.8643303
CsK_TiMnCl6,-1.838026
Cs2AlRbCl6,-2.0424278
K_2CrSnF6,-2.603065
Rb2YbHgF6,-2.5208154
CsRbCuInCl6,-1.5243468
K_2AgSbF6,-2.4308906
Rb2TiTlF6,-3.0509298
CsRbV_EuF6,-2.8087878
CsRbPrHgCl6,-1.5972286
Rb2LuHgF6,-2.5349493
RbK_RhTlF6,-2.4220989
CsRbSbTlF6,-2.6665926
CsK_LiNiF6,-2.6031644
RbK_LiAuCl6,-1.4194138
CsK_TiRbCl6,-1.9771264
CsRbRuHgF6,-2.2241068
CsRbK_NdF6,-2.860593
CsRbCrBaF6,-3.0315552
CsK_TiAgCl6,-1.7037296
K_2CoEuF6,-2.545251
Cs2CaSnCl6,-2.0632558
CsK_BeHgF6,-2.606299
Cs2CrTlBr6,-1.4865128
Cs2FeTlCl6,-1.6327711
RbK_NaNbCl6,-1.8165243
CsRbAgHoCl6,-1.5594128
RbK_CuLuCl6,-1.5071363
CsK_LiCuF6,-2.506311
CsK_NaGaCl6,-1.7891738
CsK_MgCrF6,-2.9825237
Cs2CaBaBr6,-2.172772
CsK_MgSnCl6,-1.8649886
CsK_AlRbF6,-3.304248
CsK_RuAuCl6,-1.1975061
K_2MoHgF6,-2.468243
CsK_NaScCl6,-2.24739
Cs2BeBaBr6,-1.8556772
Rb2K_AuF6,-2.2143185
CsRbNbHgF6,-2.571418
Rb2AsTlF6,-2.5923688
CsRbMnTlCl6,-1.6927189
CsK_SrHgCl6,-1.9067904
Rb2PdHgF6,-2.129086
Cs2NaGdBr6,-1.5630773
K_2MgPtF6,-2.5919347
RbK_MnAuCl6,-1.3723974
RbK_V_ZnF6,-2.7952113
RbK_MnPbCl6,-1.6532667
Cs2AsAgCl6,-1.4451197
CsK_LiScF6,-3.4542813
K_2LuHgF6,-2.5166607
CsK_NdHgF6,-2.5425367
Rb2CaCrF6,-3.1075041
CsRbNiPbCl6,-1.5192748
CsRbFeBaCl6,-1.9228195
Cs2BeSnF6,-2.804475
CsK_AlAgF6,-2.9566522
CsBaNaCuF6,-2.8236644
Rb2NaTmF6,-2.8933492
RbK_LiLaCl6,-1.7693046
CsK_BaPtCl6,-1.7143028
CsK_PdSnCl6,-1.4475924
CsK_MnAuCl6,-1.384614
Rb2NaGdCl6,-1.7985623
Rb2MnPtF6,-2.2576702
Cs2ZnBaI6,-1.3544477
CsK_LaHgCl6,-1.5765303
RbBaCuAgF6,-2.5057652
Cs2PmHgCl6,-1.6567223
CsK_NaBiCl6,-1.7990634
CsRbLiEuF6,-2.9036136
CsBaCuHgF6,-2.450211
CsK_LiGdCl6,-1.7663502
CsRbNiPbF6,-2.498486
CsBaBeAgF6,-2.8556619
Cs2V_HgCl6,-1.6587315
RbK_AsAuCl6,-1.2746017
Cs2AgAuCl6,-1.2340926
Cs2AgPrF6,-2.4995584
K_2LiHoF6,-2.8790889
K_2NaDyF6,-2.942576
RbK_LuHgCl6,-1.5794953
RbK_NaNiF6,-2.59096
CsRbCuBaF6,-2.8077595
K_2AlHgF6,-2.98141
Cs2ScTlCl6,-2.1446388
Rb2CaCuF6,-2.898147
K_BaLiMgF6,-3.554744
Cs2NaRhCl6,-1.6420927
CsRbMgSrCl6,-2.2996047
CsRbNaHoCl6,-1.8227583
RbK_CuErCl6,-1.5147601
CsK_LiEuF6,-2.8941908
K_2TiPbF6,-2.8162093
CsRbCuPmCl6,-1.5811175
CsBaLiCaF6,-3.5676093
CsRbNaMoCl6,-1.7644804
RbK_NaBiF6,-2.837974
RbK_CuDyF6,-2.5426774
CsK_RbNbF6,-2.9005992
Cs2TiTlI6,-1.1603606
Cs2RbMoCl6,-1.8217636
CsK_NiHgCl6,-1.3941171
Cs2CuNdCl6,-1.5696555
CsK_PdPtF6,-1.9204699
RbK_RhHgF6,-2.2245226
Cs2NaCoF6,-2.6638741
Rb2MgHgF6,-2.806061
Cs2CuBaF6,-2.809173
RbK_BaPtF6,-2.59081
CsK_YbHgF6,-2.5160556
CsRbK_ScF6,-3.440719
CsK_NaTlCl6,-1.8040922
Cs2LiYbF6,-2.848602
Cs2TiEuBr6,-1.5879096
Cs2TiPtF6,-2.5290756
Cs2NaGdCl6,-1.8264433
RbK_AgTlF6,-2.4555936
CsK_LiTmCl6,-1.7901281
CsRbLiNiF6,-2.6117973
Cs2CuSrF6,-2.8638065
CsK_AsTlCl6,-1.5934522
CsRbCuCeF6,-2.4419873
RbBaNaZnF6,-3.123322
CsK_NiSrCl6,-1.8758755
Cs2CrTlF6,-2.845963
RbK_AgTbF6,-2.522746
CsK_AgCeCl6,-1.5266968
CsK_RbInF6,-2.8709157
Cs2TmHgCl6,-1.6170876
CsK_AgSmF6,-2.4986384
CsK_LiDyF6,-2.9294953
Rb2BaPtF6,-2.59777
CsK_TmHgCl6,-1.5862451
CsK_CeHgF6,-2.4640098
CsRbMgCaCl6,-2.299877
RbK_LiScF6,-3.474694
Cs2K_CrF6,-3.005364
Cs2RbTmF6,-2.8439589
Rb2FeTlF6,-2.649964
K_2V_SrF6,-3.1925752
Cs2NaCeF6,-2.83755
CsBaLiSrF6,-3.5097759
CsRbTiSnBr6,-1.5025599
CsK_NaDyF6,-2.952365
RbK_HgBiF6,-2.4673069
CsRbAlHgCl6,-1.759669
CsK_AuHgCl6,-1.2501686
CsBaCoAgF6,-2.5313106
CsK_CaEuF6,-3.1944635
CsRbSrCdBr6,-1.7852132
CsRbBeSrCl6,-2.0676692
Cs2V_SnF6,-2.7240143
Cs2NaBiF6,-2.8593307
CsRbK_GaCl6,-1.7872566
CsRbPtPbBr6,-1.1963667
Cs2MnSrF6,-3.1707437
CsRbCuSnF6,-2.4386134
K_2CdPtF6,-2.1556275
CsK_BePdF6,-2.4327075
RbK_CoPbCl6,-1.464896
Cs2ZnPbF6,-2.6754823
CsK_AgEuF6,-2.540669
CsRbLiPmCl6,-1.8361795
CsRbSrPbF6,-3.1090312
CsK_CoZnF6,-2.5073943
K_BaNaPtF6,-2.6330316
K_2NaLaF6,-2.8552501
Cs2NaTlCl6,-1.8229444
CsRbCuCdF6,-2.4004703
RbK_TiCrF6,-2.7735112
CsK_ZnPtF6,-2.2039678
Cs2RbYbCl6,-1.892226
Cs2CaSrF6,-3.6156616
K_2NaTmF6,-2.8727498
CsK_CuLuCl6,-1.5428683
RbK_TmHgF6,-2.5297136
CsRbCaCuCl6,-1.8606074
Rb2AgTmF6,-2.5308456
CsK_ZnHgCl6,-1.5408593
CsK_AgErF6,-2.4974992
RbK_RuTlF6,-2.4118495
CsRbMnEuBr6,-1.4624703
RbK_LiCuF6,-2.5312905
CsRbNaAsCl6,-1.6976986
CsK_ScAuCl6,-1.792759
K_2SrPdF6,-2.721615
CsK_CuTbF6,-2.5021815
Cs2HgPbBr6,-1.3677226
RbK_CuLuF6,-2.5006118
Cs2MgV_F6,-3.1459022
CsRbLiFeF6,-2.7961624
CsK_NaNdCl6,-1.8402627
Rb2NaInCl6,-1.8424801
RbK_NaYbF6,-2.8641393
Cs2RbInBr6,-1.6488119
CsRbCaFeCl6,-1.9312763
RbK_NaTbCl6,-1.8233044
Cs2PtHgF6,-2.0467448
CsK_ScRbF6,-3.4052644
CsK_PdSnF6,-2.3094273
CsK_FeRbF6,-2.768806
Rb2NdHgF6,-2.543213
K_2ErHgF6,-2.4938107
Cs2CeTlF6,-2.7082634
Cs2ScTlBr6,-1.9085886
CsBaLiPdF6,-2.7058501
CsRbAgErBr6,-1.3254977
CsRbScAgCl6,-1.9626831
RbK_BeTiF6,-2.9910378
Cs2CaFeBr6,-1.6681178
CsK_FeEuCl6,-1.5791336
Cs2MgEuCl6,-1.9578092
Cs2EuPtCl6,-1.4563617
Cs2AlRbBr6,-1.730998
CsRbNaRuF6,-2.5855103
CsRbCuAuCl6,-1.2536234
RbK_NaGaCl6,-1.7774826
CsRbK_FeCl6,-1.685422
CsRbZnEuF6,-2.739048
Cs2K_CeF6,-2.7851248
Cs2V_CrF6,-2.7258089
Cs2NaCuF6,-2.4939833
K_2CuSrF6,-2.854817
Cs2K_GaI6,-1.0792732
Cs2CdPbI6,-1.0814043
RbK_V_BaF6,-3.1229892
Cs2AgDyCl6,-1.5943277
RbBaLiTiF6,-3.256942
Cs2PdSnCl6,-1.4819523
CsRbRhTlF6,-2.446391
RbK_MgBaF6,-3.4334838
CsRbFePtCl6,-1.2745798
Cs2BeBaCl6,-2.0610256
CsRbCrHgF6,-2.639402
CsK_FeCdF6,-2.5324554
CsRbK_SbCl6,-1.7517288
Cs2NaPmBr6,-1.6127533
CsK_DyHgF6,-2.5815742
Rb2MnEuF6,-2.7627218
CsK_NaErF6,-2.8681521
Cs2CuAuCl6,-1.2590023
CsK_LuHgF6,-2.5310616
Cs2MgPbF6,-3.0338054
K_2CoCdF6,-2.466191
Cs2CdEuBr6,-1.4929464
Cs2NbTlF6,-2.803782
CsK_CaMnF6,-3.191808
CsK_NaAuCl6,-1.4514563
CsK_LiSbF6,-2.810447
CsK_CrPtCl6,-1.3274031
CsK_CuSmF6,-2.4689016
CsK_BeEuCl6,-1.7080694
CsRbK_TmCl6,-1.8022922
CsK_CrHgF6,-2.63174
Cs2RbEuF6,-2.8656287
Rb2CoAuCl6,-1.213316
Cs2ZnHgCl6,-1.5637524
Cs2RbPmF6,-2.857003
CsRbMgBaF6,-3.4421608
CsRbK_CrBr6,-1.5769975
Rb2MgEuF6,-3.0838857
CsK_NaMoF6,-2.8557417
CsRbNaCuCl6,-1.6115243
K_2RuHgF6,-2.2007902
Cs2K_AuCl6,-1.4296454
